Order_ID,Product,Category,Quantity,Price,Customer_Name,City,Payment_Mode,Order_Status,Rating
1,Skirt,Denim,5,738,Customer_0,Chennai,UPI,Delivered,4
2,Skirt,Casual,10,350,Customer_1,Bangalore,UPI,Cancelled,2
3,Hoodie,Ethnic,3,968,Customer_2,Delhi,Card,Delivered,3
4,Dress,Ethnic,9,1568,Customer_3,Bangalore,UPI,Pending,1
5,Jeans,Ethnic,9,1311,Customer_4,Bangalore,UPI,Pending,5
6,Dress,Casual,2,1103,Customer_5,Bangalore,Card,Delivered,5
7,Hoodie,Formal,7,958,Customer_6,Mumbai,UPI,Delivered,2
8,Hoodie,Denim,6,1897,Customer_7,Bangalore,Card,Cancelled,1
9,Jeans,Winter,2,1221,Customer_8,Chennai,UPI,Pending,3
10,Jacket,Denim,2,1820,Customer_9,Bangalore,UPI,Cancelled,5
11,Shirt,Ethnic,2,337,Customer_10,Bangalore,Card,Delivered,1
12,T-shirt,Formal,3,355,Customer_11,Delhi,Card,Delivered,3
13,Shirt,Casual,5,1285,Customer_12,Delhi,UPI,Cancelled,4
14,Dress,Denim,4,1051,Customer_13,Bangalore,Card,Pending,2
15,Jacket,Winter,6,1710,Customer_14,Bangalore,Card,Pending,1
16,Skirt,Casual,6,648,Customer_15,Chennai,Cash,Pending,2
17,Shirt,Formal,1,1212,Customer_16,Hyderabad,Cash,Pending,5
18,T-shirt,Winter,5,425,Customer_17,Chennai,Card,Delivered,3
19,Kurta,Casual,4,408,Customer_18,Bangalore,UPI,Cancelled,4
20,Kurta,Denim,10,777,Customer_19,Delhi,Cash,Pending,2
21,Hoodie,Ethnic,5,385,Customer_20,Bangalore,Card,Pending,3
22,Shirt,Denim,1,1636,Customer_21,Bangalore,Cash,Delivered,2
23,Hoodie,Formal,10,1519,Customer_22,Delhi,Card,Cancelled,2
24,Dress,Formal,4,617,Customer_23,Chennai,Card,Pending,4
25,Shirt,Casual,7,1876,Customer_24,Bangalore,UPI,Cancelled,3
26,Shirt,Winter,9,1280,Customer_25,Delhi,Cash,Pending,4
27,Kurta,Formal,4,444,Customer_26,Chennai,Cash,Cancelled,3
28,Jeans,Denim,7,1651,Customer_27,Delhi,Cash,Delivered,4
29,Shirt,Denim,10,573,Customer_28,Bangalore,UPI,Delivered,3
30,Jacket,Denim,4,1667,Customer_29,Chennai,UPI,Delivered,5
31,Jacket,Casual,7,1087,Customer_30,Delhi,Card,Pending,3
32,Shirt,Ethnic,9,1518,Customer_31,Bangalore,Card,Delivered,5
33,T-shirt,Formal,5,1949,Customer_32,Mumbai,UPI,Cancelled,1
34,Jacket,Formal,2,1364,Customer_33,Chennai,Card,Pending,4
35,Kurta,Casual,1,946,Customer_34,Bangalore,Cash,Delivered,5
36,Jeans,Casual,1,1460,Customer_35,Chennai,UPI,Cancelled,5
37,Jacket,Formal,6,296,Customer_36,Hyderabad,UPI,Delivered,5
38,Skirt,Winter,1,271,Customer_37,Hyderabad,Card,Cancelled,5
39,Kurta,Denim,7,1586,Customer_38,Hyderabad,Cash,Delivered,3
40,T-shirt,Ethnic,3,597,Customer_39,Bangalore,UPI,Cancelled,1
41,Skirt,Ethnic,8,423,Customer_40,Hyderabad,Cash,Cancelled,3
42,Shirt,Denim,6,1451,Customer_41,Delhi,Cash,Pending,3
43,Kurta,Casual,5,658,Customer_42,Chennai,Cash,Cancelled,3
44,Shirt,Winter,2,1863,Customer_43,Mumbai,Cash,Cancelled,3
45,Dress,Ethnic,2,965,Customer_44,Delhi,Cash,Cancelled,4
46,Hoodie,Denim,5,1011,Customer_45,Mumbai,UPI,Cancelled,3
47,Jeans,Winter,3,1055,Customer_46,Chennai,UPI,Cancelled,2
48,Hoodie,Formal,9,459,Customer_47,Hyderabad,Card,Cancelled,4
49,Kurta,Winter,6,1168,Customer_48,Chennai,Cash,Delivered,3
50,Hoodie,Casual,4,772,Customer_49,Bangalore,UPI,Delivered,3
51,Skirt,Winter,9,1943,Customer_50,Delhi,Cash,Cancelled,1
52,Shirt,Denim,3,733,Customer_51,Chennai,Card,Cancelled,1
53,T-shirt,Denim,1,1186,Customer_52,Chennai,UPI,Cancelled,4
54,Dress,Winter,2,1397,Customer_53,Chennai,UPI,Pending,1
55,Jeans,Formal,7,881,Customer_54,Hyderabad,Card,Pending,3
56,Skirt,Denim,4,1255,Customer_55,Delhi,Card,Pending,5
57,T-shirt,Casual,8,1887,Customer_56,Delhi,Card,Delivered,3
58,Kurta,Ethnic,3,1491,Customer_57,Chennai,Card,Cancelled,2
59,Jeans,Winter,8,875,Customer_58,Mumbai,Card,Delivered,2
60,Dress,Formal,5,912,Customer_59,Chennai,UPI,Pending,2
61,T-shirt,Winter,10,1424,Customer_60,Chennai,Cash,Cancelled,1
62,Dress,Denim,10,935,Customer_61,Hyderabad,Card,Pending,3
63,Kurta,Casual,2,1826,Customer_62,Delhi,Card,Cancelled,2
64,Skirt,Denim,5,326,Customer_63,Hyderabad,Card,Pending,2
65,Hoodie,Winter,8,1058,Customer_64,Chennai,UPI,Cancelled,5
66,Hoodie,Casual,4,385,Customer_65,Mumbai,Cash,Pending,3
67,Shirt,Ethnic,9,1681,Customer_66,Hyderabad,UPI,Pending,5
68,Jacket,Ethnic,4,689,Customer_67,Mumbai,Card,Cancelled,1
69,Skirt,Casual,8,1479,Customer_68,Hyderabad,UPI,Delivered,5
70,Jacket,Casual,2,1949,Customer_69,Mumbai,Card,Delivered,3
71,Dress,Ethnic,10,1161,Customer_70,Hyderabad,Cash,Delivered,5
72,Dress,Ethnic,2,1383,Customer_71,Chennai,Cash,Delivered,3
73,Jeans,Ethnic,4,1017,Customer_72,Chennai,Cash,Pending,2
74,Hoodie,Formal,9,549,Customer_73,Bangalore,Card,Pending,5
75,Jacket,Formal,6,879,Customer_74,Hyderabad,Card,Cancelled,4
76,Kurta,Denim,1,755,Customer_75,Hyderabad,UPI,Cancelled,1
77,Jacket,Formal,7,657,Customer_76,Bangalore,Card,Pending,3
78,Dress,Formal,4,1724,Customer_77,Mumbai,Cash,Delivered,1
79,Jacket,Winter,10,1087,Customer_78,Bangalore,UPI,Pending,5
80,Shirt,Denim,10,1587,Customer_79,Delhi,Card,Pending,2
81,Jeans,Formal,5,995,Customer_80,Chennai,UPI,Delivered,1
82,Kurta,Winter,6,453,Customer_81,Hyderabad,Cash,Cancelled,1
83,T-shirt,Formal,6,1407,Customer_82,Delhi,Card,Delivered,3
84,Shirt,Ethnic,8,1198,Customer_83,Hyderabad,UPI,Pending,1
85,Hoodie,Ethnic,10,341,Customer_84,Hyderabad,Card,Delivered,5
86,Jacket,Winter,10,485,Customer_85,Chennai,Cash,Delivered,4
87,Shirt,Formal,1,1047,Customer_86,Delhi,Card,Delivered,3
88,Skirt,Denim,7,1059,Customer_87,Delhi,UPI,Cancelled,2
89,Jeans,Winter,4,1201,Customer_88,Hyderabad,Cash,Pending,1
90,Kurta,Winter,10,1634,Customer_89,Chennai,UPI,Delivered,3
91,T-shirt,Casual,7,1705,Customer_90,Hyderabad,UPI,Cancelled,2
92,Jacket,Casual,6,837,Customer_91,Chennai,Card,Delivered,2
93,Jeans,Denim,2,1734,Customer_92,Mumbai,Cash,Delivered,1
94,Shirt,Winter,7,1258,Customer_93,Bangalore,Cash,Pending,4
95,Shirt,Formal,1,937,Customer_94,Hyderabad,Card,Pending,5
96,Hoodie,Ethnic,4,1189,Customer_95,Delhi,Cash,Cancelled,5
97,T-shirt,Winter,3,1485,Customer_96,Mumbai,Cash,Pending,5
98,Skirt,Ethnic,10,291,Customer_97,Mumbai,Cash,Delivered,4
99,Skirt,Denim,9,318,Customer_98,Chennai,Cash,Delivered,5
100,T-shirt,Formal,2,848,Customer_99,Delhi,Card,Pending,3
101,T-shirt,Casual,1,1629,Customer_100,Bangalore,Cash,Pending,5
102,Jacket,Winter,10,561,Customer_101,Mumbai,UPI,Delivered,5
103,Kurta,Formal,3,1606,Customer_102,Hyderabad,Cash,Delivered,5
104,Kurta,Winter,5,774,Customer_103,Mumbai,UPI,Delivered,3
105,Jacket,Formal,6,1945,Customer_104,Delhi,Card,Cancelled,1
106,Shirt,Casual,5,1379,Customer_105,Bangalore,UPI,Cancelled,2
107,Kurta,Ethnic,3,1632,Customer_106,Bangalore,Card,Delivered,4
108,Jeans,Denim,1,478,Customer_107,Mumbai,Cash,Pending,3
109,Jacket,Formal,1,1215,Customer_108,Delhi,UPI,Pending,3
110,Dress,Winter,4,1925,Customer_109,Hyderabad,UPI,Delivered,2
111,Kurta,Formal,1,1788,Customer_110,Mumbai,UPI,Cancelled,4
112,Jacket,Casual,2,596,Customer_111,Bangalore,Card,Delivered,2
113,Hoodie,Casual,3,493,Customer_112,Delhi,Cash,Cancelled,3
114,Kurta,Winter,3,389,Customer_113,Mumbai,Card,Pending,3
115,Jeans,Casual,10,985,Customer_114,Chennai,UPI,Delivered,1
116,Dress,Denim,1,1704,Customer_115,Mumbai,Card,Delivered,4
117,T-shirt,Ethnic,9,1234,Customer_116,Bangalore,Card,Cancelled,3
118,T-shirt,Casual,6,1717,Customer_117,Delhi,Card,Pending,1
119,Kurta,Ethnic,4,626,Customer_118,Delhi,Cash,Cancelled,2
120,Kurta,Casual,8,1055,Customer_119,Bangalore,Cash,Delivered,4
121,Skirt,Casual,6,842,Customer_120,Mumbai,Card,Delivered,1
122,Hoodie,Formal,9,574,Customer_121,Mumbai,Cash,Pending,4
123,T-shirt,Winter,4,1446,Customer_122,Mumbai,Cash,Cancelled,5
124,Jeans,Denim,10,1892,Customer_123,Hyderabad,Cash,Cancelled,3
125,Skirt,Denim,7,1640,Customer_124,Delhi,Cash,Cancelled,5
126,Kurta,Winter,1,883,Customer_125,Bangalore,Cash,Cancelled,3
127,Dress,Denim,5,1110,Customer_126,Hyderabad,Card,Cancelled,4
128,Shirt,Ethnic,9,536,Customer_127,Hyderabad,UPI,Pending,5
129,Shirt,Denim,1,405,Customer_128,Hyderabad,Cash,Pending,5
130,Jacket,Denim,10,275,Customer_129,Hyderabad,Card,Cancelled,4
131,Hoodie,Casual,7,353,Customer_130,Delhi,UPI,Delivered,1
132,Dress,Denim,2,403,Customer_131,Bangalore,UPI,Cancelled,1
133,Jeans,Casual,2,1448,Customer_132,Chennai,Cash,Pending,1
134,Dress,Winter,2,799,Customer_133,Chennai,UPI,Delivered,3
135,Dress,Ethnic,7,239,Customer_134,Chennai,UPI,Cancelled,3
136,Shirt,Casual,7,1183,Customer_135,Hyderabad,UPI,Delivered,2
137,Jeans,Winter,4,1602,Customer_136,Chennai,UPI,Cancelled,3
138,Jeans,Formal,10,547,Customer_137,Delhi,Cash,Cancelled,4
139,Dress,Ethnic,5,1304,Customer_138,Chennai,Cash,Delivered,4
140,Jeans,Formal,3,467,Customer_139,Chennai,Card,Pending,4
141,Skirt,Denim,3,780,Customer_140,Hyderabad,Card,Pending,1
142,Skirt,Casual,5,369,Customer_141,Chennai,Cash,Delivered,1
143,Dress,Ethnic,2,581,Customer_142,Hyderabad,Cash,Cancelled,5
144,T-shirt,Ethnic,8,1748,Customer_143,Bangalore,Cash,Pending,2
145,Dress,Formal,2,1410,Customer_144,Chennai,Cash,Cancelled,5
146,Jeans,Formal,6,1381,Customer_145,Hyderabad,Card,Pending,3
147,Dress,Winter,9,1228,Customer_146,Chennai,Cash,Cancelled,3
148,Skirt,Formal,5,1275,Customer_147,Bangalore,UPI,Cancelled,2
149,Jacket,Formal,6,1558,Customer_148,Bangalore,UPI,Cancelled,3
150,Kurta,Formal,1,947,Customer_149,Chennai,Cash,Pending,1
151,Jeans,Denim,1,662,Customer_150,Hyderabad,UPI,Cancelled,3
152,T-shirt,Casual,1,1526,Customer_151,Chennai,Card,Pending,5
153,Jeans,Formal,6,1032,Customer_152,Mumbai,UPI,Pending,4
154,Jeans,Winter,6,1528,Customer_153,Delhi,UPI,Delivered,4
155,Jacket,Casual,4,678,Customer_154,Bangalore,UPI,Delivered,5
156,Skirt,Casual,4,620,Customer_155,Delhi,Card,Delivered,5
157,Hoodie,Ethnic,8,1070,Customer_156,Hyderabad,UPI,Cancelled,2
158,Shirt,Formal,3,992,Customer_157,Delhi,Cash,Cancelled,4
159,T-shirt,Denim,9,1152,Customer_158,Hyderabad,Cash,Pending,1
160,Kurta,Casual,10,1835,Customer_159,Hyderabad,Cash,Delivered,3
161,Dress,Ethnic,7,1248,Customer_160,Chennai,UPI,Cancelled,5
162,Hoodie,Formal,6,1944,Customer_161,Chennai,Cash,Delivered,3
163,Dress,Formal,6,1829,Customer_162,Delhi,Card,Delivered,4
164,Dress,Casual,6,1423,Customer_163,Delhi,Card,Delivered,1
165,T-shirt,Ethnic,1,1947,Customer_164,Hyderabad,UPI,Delivered,5
166,Jacket,Casual,2,993,Customer_165,Mumbai,Cash,Cancelled,4
167,Jeans,Casual,5,1249,Customer_166,Delhi,UPI,Delivered,5
168,Dress,Casual,7,1221,Customer_167,Hyderabad,Cash,Cancelled,2
169,Jacket,Winter,8,847,Customer_168,Delhi,Card,Delivered,5
170,Shirt,Formal,1,1065,Customer_169,Hyderabad,Card,Pending,5
171,Shirt,Ethnic,6,860,Customer_170,Bangalore,UPI,Delivered,2
172,Shirt,Ethnic,5,1647,Customer_171,Chennai,Cash,Delivered,4
173,Shirt,Formal,8,936,Customer_172,Bangalore,UPI,Pending,2
174,Jeans,Winter,3,270,Customer_173,Hyderabad,UPI,Delivered,3
175,Hoodie,Winter,6,1845,Customer_174,Hyderabad,Card,Pending,4
176,Hoodie,Denim,5,1250,Customer_175,Delhi,Cash,Pending,2
177,Hoodie,Denim,5,1341,Customer_176,Chennai,Card,Pending,2
178,Jeans,Denim,3,1239,Customer_177,Hyderabad,Cash,Pending,4
179,Kurta,Winter,7,1193,Customer_178,Delhi,Card,Pending,3
180,Hoodie,Formal,5,1701,Customer_179,Bangalore,UPI,Cancelled,2
181,Dress,Formal,9,1513,Customer_180,Bangalore,UPI,Cancelled,4
182,Kurta,Winter,5,1986,Customer_181,Delhi,UPI,Pending,5
183,Jacket,Casual,1,382,Customer_182,Mumbai,Card,Delivered,4
184,Jeans,Denim,1,1226,Customer_183,Hyderabad,Cash,Pending,2
185,T-shirt,Ethnic,9,1630,Customer_184,Chennai,UPI,Delivered,2
186,Hoodie,Winter,6,1562,Customer_185,Mumbai,Card,Pending,5
187,Dress,Denim,10,1875,Customer_186,Mumbai,Card,Delivered,4
188,Skirt,Ethnic,6,529,Customer_187,Hyderabad,Card,Cancelled,1
189,Jacket,Ethnic,8,1345,Customer_188,Hyderabad,UPI,Cancelled,1
190,Jacket,Winter,6,1101,Customer_189,Bangalore,Card,Pending,2
191,Hoodie,Formal,9,1439,Customer_190,Mumbai,Cash,Cancelled,2
192,Shirt,Casual,4,1158,Customer_191,Mumbai,Cash,Delivered,2
193,T-shirt,Ethnic,4,457,Customer_192,Delhi,Card,Pending,4
194,Skirt,Denim,4,1035,Customer_193,Hyderabad,Card,Delivered,4
195,Jeans,Formal,4,1941,Customer_194,Delhi,Cash,Pending,3
196,Shirt,Winter,10,1169,Customer_195,Mumbai,UPI,Cancelled,5
197,Kurta,Formal,2,1790,Customer_196,Chennai,UPI,Pending,4
198,Dress,Denim,4,332,Customer_197,Mumbai,Card,Pending,2
199,Jeans,Denim,3,913,Customer_198,Hyderabad,Card,Pending,5
200,Skirt,Casual,9,696,Customer_199,Mumbai,UPI,Cancelled,4
201,Jacket,Denim,6,1765,Customer_200,Mumbai,UPI,Delivered,5
202,Skirt,Ethnic,6,1688,Customer_201,Mumbai,Card,Pending,1
203,Jeans,Winter,1,793,Customer_202,Delhi,UPI,Pending,5
204,Kurta,Ethnic,7,827,Customer_203,Bangalore,Cash,Delivered,4
205,Jeans,Ethnic,7,755,Customer_204,Mumbai,Cash,Delivered,4
206,Skirt,Denim,1,334,Customer_205,Hyderabad,Cash,Pending,1
207,Jeans,Ethnic,4,1003,Customer_206,Chennai,Cash,Cancelled,5
208,T-shirt,Denim,9,622,Customer_207,Hyderabad,Cash,Pending,2
209,T-shirt,Formal,4,1544,Customer_208,Mumbai,UPI,Delivered,2
210,Jeans,Casual,10,1294,Customer_209,Hyderabad,UPI,Pending,4
211,T-shirt,Casual,7,1737,Customer_210,Bangalore,Card,Cancelled,4
212,Jacket,Casual,10,554,Customer_211,Mumbai,Card,Cancelled,1
213,Jeans,Formal,7,328,Customer_212,Delhi,UPI,Delivered,4
214,Skirt,Winter,6,1251,Customer_213,Delhi,UPI,Cancelled,5
215,Kurta,Ethnic,6,1398,Customer_214,Mumbai,Cash,Pending,5
216,Shirt,Casual,9,1468,Customer_215,Bangalore,Cash,Delivered,5
217,Jeans,Ethnic,10,773,Customer_216,Hyderabad,UPI,Pending,3
218,Dress,Formal,3,1663,Customer_217,Bangalore,Card,Cancelled,1
219,Skirt,Denim,7,328,Customer_218,Delhi,UPI,Cancelled,4
220,Skirt,Casual,8,913,Customer_219,Mumbai,Cash,Pending,3
221,Hoodie,Casual,4,1039,Customer_220,Hyderabad,Cash,Cancelled,2
222,Jacket,Denim,4,1021,Customer_221,Chennai,Card,Cancelled,3
223,Kurta,Winter,2,1492,Customer_222,Mumbai,Card,Delivered,1
224,Kurta,Ethnic,1,1722,Customer_223,Chennai,Cash,Delivered,4
225,Kurta,Denim,4,1836,Customer_224,Hyderabad,Card,Delivered,2
226,Skirt,Formal,2,1296,Customer_225,Hyderabad,Cash,Delivered,2
227,T-shirt,Winter,9,633,Customer_226,Bangalore,Card,Pending,3
228,Jacket,Formal,3,634,Customer_227,Mumbai,Cash,Pending,5
229,Jacket,Casual,2,372,Customer_228,Hyderabad,Card,Delivered,4
230,Hoodie,Formal,8,1377,Customer_229,Chennai,Cash,Pending,1
231,Jacket,Formal,10,913,Customer_230,Hyderabad,Cash,Cancelled,3
232,Kurta,Winter,5,1896,Customer_231,Bangalore,Cash,Cancelled,1
233,Hoodie,Winter,10,1322,Customer_232,Hyderabad,UPI,Delivered,2
234,Shirt,Denim,5,730,Customer_233,Chennai,UPI,Cancelled,3
235,Dress,Winter,2,1979,Customer_234,Bangalore,Card,Cancelled,1
236,Kurta,Denim,3,389,Customer_235,Chennai,Cash,Delivered,2
237,Shirt,Winter,2,1979,Customer_234,Bangalore,Card,Cancelled,1
236,Kurta,Denim,3,1891,Customer_235,Chennai,Cash,Delivered,2
237,Shirt,Winter,2,918,Customer_236,Chennai,Cash,Cancelled,4
238,Skirt,Casual,6,603,Customer_237,Chennai,Cash,Delivered,2
239,Skirt,Denim,8,372,Customer_238,Delhi,Card,Pending,2
240,T-shirt,Denim,3,1361,Customer_239,Hyderabad,Card,Pending,4
241,Kurta,Winter,1,743,Customer_240,Bangalore,Card,Pending,5
242,Jeans,Formal,10,381,Customer_241,Hyderabad,UPI,Delivered,2
243,Kurta,Casual,10,442,Customer_242,Mumbai,UPI,Pending,5
244,Kurta,Formal,9,1409,Customer_243,Delhi,Card,Pending,1
245,Kurta,Casual,5,722,Customer_244,Bangalore,Cash,Pending,3
246,Jeans,Ethnic,5,1054,Customer_245,Delhi,Card,Cancelled,2
247,Dress,Casual,8,728,Customer_246,Delhi,UPI,Delivered,3
248,Jeans,Casual,1,1986,Customer_247,Bangalore,Cash,Delivered,2
249,Shirt,Casual,2,1989,Customer_248,Bangalore,Card,Delivered,3
250,Jeans,Ethnic,10,464,Customer_249,Bangalore,Card,Pending,3
251,Hoodie,Formal,3,576,Customer_250,Bangalore,UPI,Cancelled,1
252,Jeans,Casual,2,1955,Customer_251,Chennai,Card,Cancelled,4
253,Dress,Winter,1,282,Customer_252,Bangalore,Card,Delivered,3
254,Jacket,Winter,5,1428,Customer_253,Hyderabad,Card,Pending,4
255,Dress,Formal,9,1135,Customer_254,Bangalore,Cash,Pending,2
256,Kurta,Denim,5,1499,Customer_255,Delhi,Card,Cancelled,1
257,Jacket,Ethnic,1,1854,Customer_256,Bangalore,Card,Delivered,2
258,Hoodie,Winter,1,668,Customer_257,Delhi,Card,Delivered,3
259,T-shirt,Formal,4,1927,Customer_258,Delhi,Cash,Pending,1
260,Jeans,Casual,9,1692,Customer_259,Mumbai,UPI,Cancelled,5
261,Jeans,Denim,7,1341,Customer_260,Hyderabad,Cash,Cancelled,3
262,T-shirt,Ethnic,7,1612,Customer_261,Bangalore,UPI,Delivered,2
263,T-shirt,Ethnic,1,1551,Customer_262,Hyderabad,UPI,Pending,5
264,Jeans,Ethnic,6,362,Customer_263,Delhi,UPI,Cancelled,5
265,Jacket,Denim,5,1714,Customer_264,Mumbai,UPI,Delivered,5
266,Dress,Winter,10,1868,Customer_265,Delhi,UPI,Pending,2
267,Dress,Formal,10,930,Customer_266,Chennai,Cash,Delivered,1
268,Hoodie,Denim,8,1445,Customer_267,Mumbai,UPI,Delivered,3
269,Hoodie,Formal,10,386,Customer_268,Chennai,UPI,Delivered,2
270,Skirt,Winter,9,254,Customer_269,Hyderabad,Cash,Cancelled,5
271,Jeans,Formal,5,573,Customer_270,Mumbai,Cash,Cancelled,3
272,Skirt,Ethnic,2,1364,Customer_271,Hyderabad,Card,Delivered,1
273,Skirt,Denim,6,773,Customer_272,Mumbai,Card,Delivered,4
274,Skirt,Denim,1,415,Customer_273,Chennai,Card,Delivered,1
275,Shirt,Winter,10,1832,Customer_274,Mumbai,UPI,Cancelled,1
276,Dress,Formal,1,1361,Customer_275,Chennai,UPI,Cancelled,5
277,Kurta,Denim,7,639,Customer_276,Mumbai,UPI,Pending,4
278,Kurta,Formal,5,228,Customer_277,Chennai,Cash,Pending,2
279,Dress,Formal,8,1250,Customer_278,Mumbai,Cash,Pending,1
280,Jacket,Winter,1,1171,Customer_279,Bangalore,Card,Pending,1
281,Dress,Winter,10,458,Customer_280,Bangalore,UPI,Pending,5
282,Shirt,Winter,9,1415,Customer_281,Bangalore,UPI,Pending,4
283,Jacket,Formal,2,1299,Customer_282,Chennai,UPI,Cancelled,4
284,Shirt,Denim,1,1809,Customer_283,Mumbai,UPI,Cancelled,1
285,Jacket,Casual,1,1725,Customer_284,Bangalore,Card,Delivered,4
286,Shirt,Casual,3,1862,Customer_285,Hyderabad,Card,Delivered,5
287,Jeans,Casual,10,1526,Customer_286,Bangalore,Cash,Pending,5
288,Kurta,Ethnic,5,1794,Customer_287,Delhi,UPI,Cancelled,1
289,Hoodie,Formal,6,381,Customer_288,Delhi,Cash,Pending,4
290,Dress,Casual,8,1206,Customer_289,Hyderabad,UPI,Delivered,4
291,Skirt,Formal,7,1304,Customer_290,Mumbai,Card,Delivered,1
292,Kurta,Casual,10,654,Customer_291,Chennai,UPI,Cancelled,2
293,Skirt,Denim,2,1855,Customer_292,Hyderabad,UPI,Cancelled,5
294,T-shirt,Formal,10,586,Customer_293,Mumbai,Card,Cancelled,2
295,Kurta,Formal,7,922,Customer_294,Bangalore,UPI,Pending,4
296,Kurta,Ethnic,1,1308,Customer_295,Bangalore,Card,Delivered,2
297,Skirt,Denim,9,1775,Customer_296,Hyderabad,UPI,Delivered,1
298,T-shirt,Formal,3,1319,Customer_297,Mumbai,Cash,Cancelled,4
299,Kurta,Winter,5,726,Customer_298,Hyderabad,Cash,Pending,2
300,T-shirt,Casual,9,1621,Customer_299,Mumbai,Cash,Delivered,3
301,Kurta,Ethnic,4,1744,Customer_300,Mumbai,UPI,Pending,5
302,Jeans,Formal,4,976,Customer_301,Hyderabad,Cash,Cancelled,1
303,Dress,Denim,5,1192,Customer_302,Bangalore,Cash,Delivered,3
304,Shirt,Casual,7,1696,Customer_303,Mumbai,Card,Cancelled,1
305,Dress,Formal,7,758,Customer_304,Chennai,UPI,Pending,2
306,Skirt,Ethnic,8,1444,Customer_305,Delhi,Card,Cancelled,4
307,T-shirt,Denim,1,454,Customer_306,Bangalore,UPI,Cancelled,4
308,Hoodie,Formal,1,1173,Customer_307,Mumbai,Cash,Pending,1
309,Jeans,Formal,3,1878,Customer_308,Delhi,Card,Delivered,3
310,Dress,Winter,7,310,Customer_309,Bangalore,Cash,Pending,2
311,Jeans,Formal,7,738,Customer_310,Delhi,Cash,Cancelled,5
312,Dress,Denim,8,345,Customer_311,Chennai,Cash,Cancelled,4
313,Hoodie,Winter,4,1156,Customer_312,Bangalore,Cash,Pending,4
314,Jacket,Formal,6,882,Customer_313,Mumbai,Card,Pending,5
315,Jacket,Casual,4,1923,Customer_314,Delhi,Card,Delivered,5
316,Hoodie,Denim,2,1357,Customer_315,Bangalore,Card,Delivered,5
317,Jeans,Formal,7,1429,Customer_316,Bangalore,Cash,Delivered,2
318,Shirt,Ethnic,5,392,Customer_317,Hyderabad,UPI,Pending,1
319,Kurta,Ethnic,1,1001,Customer_318,Hyderabad,UPI,Cancelled,3
320,Dress,Winter,9,1927,Customer_319,Hyderabad,UPI,Cancelled,1
321,Jeans,Winter,6,715,Customer_320,Chennai,Card,Pending,5
322,Dress,Formal,9,1403,Customer_321,Mumbai,Cash,Cancelled,3
323,Jacket,Formal,1,760,Customer_322,Chennai,Card,Cancelled,5
324,Dress,Ethnic,4,1657,Customer_323,Delhi,Cash,Pending,2
325,Dress,Casual,8,1624,Customer_324,Hyderabad,UPI,Pending,5
326,Dress,Winter,3,1511,Customer_325,Mumbai,Card,Cancelled,2
327,T-shirt,Casual,4,390,Customer_326,Mumbai,Cash,Pending,4
328,Shirt,Denim,10,934,Customer_327,Bangalore,Cash,Pending,3
329,T-shirt,Ethnic,8,1672,Customer_328,Bangalore,Cash,Pending,3
330,Dress,Ethnic,6,1624,Customer_329,Mumbai,Cash,Delivered,3
331,Hoodie,Formal,1,1985,Customer_330,Chennai,Card,Cancelled,2
332,Dress,Formal,4,1022,Customer_331,Bangalore,Cash,Cancelled,4
333,Jeans,Winter,9,950,Customer_332,Hyderabad,UPI,Delivered,4
334,T-shirt,Ethnic,10,1311,Customer_333,Delhi,Card,Cancelled,3
335,Shirt,Casual,1,1999,Customer_334,Hyderabad,UPI,Delivered,2
336,Shirt,Formal,7,1858,Customer_335,Bangalore,Cash,Cancelled,3
337,Jeans,Casual,10,472,Customer_336,Bangalore,Card,Pending,3
338,Jacket,Casual,10,397,Customer_337,Chennai,UPI,Delivered,5
339,T-shirt,Formal,6,1643,Customer_338,Hyderabad,UPI,Pending,3
340,Shirt,Ethnic,2,1854,Customer_339,Hyderabad,Cash,Delivered,5
341,Jacket,Formal,8,773,Customer_340,Hyderabad,Card,Cancelled,5
342,Jeans,Ethnic,5,831,Customer_341,Bangalore,UPI,Pending,1
343,Kurta,Ethnic,1,975,Customer_342,Hyderabad,Card,Delivered,1
344,Kurta,Winter,1,449,Customer_343,Delhi,UPI,Delivered,2
345,Kurta,Ethnic,6,488,Customer_344,Hyderabad,Card,Pending,2
346,Jeans,Ethnic,2,1029,Customer_345,Chennai,Card,Delivered,1
347,Jacket,Formal,3,992,Customer_346,Hyderabad,Cash,Pending,2
348,Dress,Ethnic,3,1072,Customer_347,Hyderabad,Cash,Delivered,3
349,Hoodie,Ethnic,3,1733,Customer_348,Mumbai,Cash,Delivered,3
350,Shirt,Casual,4,1471,Customer_349,Chennai,Card,Delivered,3
351,Jeans,Ethnic,2,1037,Customer_350,Delhi,Card,Pending,1
352,Jacket,Denim,9,251,Customer_351,Hyderabad,Cash,Pending,1
353,Jacket,Denim,3,448,Customer_352,Mumbai,Card,Delivered,4
354,Dress,Denim,2,1971,Customer_353,Chennai,Card,Delivered,4
355,Skirt,Ethnic,1,521,Customer_354,Chennai,Card,Pending,5
356,Dress,Ethnic,3,989,Customer_355,Mumbai,Cash,Delivered,4
357,Hoodie,Winter,9,1498,Customer_356,Delhi,Cash,Delivered,5
358,Dress,Denim,9,1270,Customer_357,Bangalore,Cash,Cancelled,5
359,Skirt,Winter,9,1691,Customer_358,Mumbai,UPI,Cancelled,4
360,Skirt,Winter,4,1005,Customer_359,Chennai,UPI,Cancelled,1
361,Kurta,Casual,6,1480,Customer_360,Chennai,Cash,Pending,2
362,Skirt,Casual,3,242,Customer_361,Bangalore,UPI,Pending,5
363,T-shirt,Ethnic,6,1759,Customer_362,Bangalore,Cash,Delivered,5
364,Shirt,Winter,8,1406,Customer_363,Bangalore,UPI,Pending,4
365,Shirt,Denim,8,1139,Customer_364,Delhi,Cash,Pending,1
366,Jeans,Winter,10,807,Customer_365,Chennai,Card,Pending,4
367,Hoodie,Formal,9,1251,Customer_366,Delhi,UPI,Cancelled,5
368,Dress,Denim,3,1370,Customer_367,Chennai,Card,Cancelled,5
369,T-shirt,Denim,9,1667,Customer_368,Bangalore,UPI,Pending,1
370,Skirt,Winter,9,543,Customer_369,Mumbai,UPI,Pending,1
371,Hoodie,Ethnic,10,1474,Customer_370,Delhi,Cash,Cancelled,4
372,Dress,Ethnic,4,1270,Customer_371,Chennai,Card,Cancelled,1
373,Jeans,Formal,9,720,Customer_372,Bangalore,Cash,Pending,5
374,T-shirt,Formal,9,511,Customer_373,Delhi,Cash,Delivered,2
375,Shirt,Ethnic,7,600,Customer_374,Mumbai,UPI,Delivered,5
376,Dress,Denim,4,1243,Customer_375,Hyderabad,UPI,Pending,4
377,Dress,Denim,1,1355,Customer_376,Hyderabad,UPI,Pending,4
378,Jacket,Ethnic,7,1197,Customer_377,Chennai,UPI,Cancelled,1
379,Dress,Ethnic,2,1766,Customer_378,Delhi,Card,Cancelled,5
380,T-shirt,Casual,1,1577,Customer_379,Bangalore,Cash,Pending,4
381,Kurta,Formal,3,1617,Customer_380,Mumbai,Card,Cancelled,4
382,Dress,Ethnic,3,1551,Customer_381,Mumbai,Cash,Cancelled,4
383,Shirt,Formal,10,1630,Customer_382,Hyderabad,Cash,Pending,1
384,Shirt,Formal,7,302,Customer_383,Hyderabad,UPI,Pending,2
385,Shirt,Winter,10,1601,Customer_384,Chennai,UPI,Cancelled,4
386,Jacket,Ethnic,6,638,Customer_385,Bangalore,Cash,Delivered,2
387,Jeans,Winter,2,1497,Customer_386,Hyderabad,Card,Pending,2
388,Skirt,Casual,4,1996,Customer_387,Bangalore,Card,Cancelled,3
389,Skirt,Formal,3,1569,Customer_388,Bangalore,Card,Cancelled,2
390,Skirt,Casual,4,202,Customer_389,Bangalore,UPI,Delivered,4
391,Jeans,Ethnic,7,1078,Customer_390,Hyderabad,Card,Cancelled,2
392,Dress,Winter,3,987,Customer_391,Bangalore,Cash,Pending,3
393,T-shirt,Formal,7,634,Customer_392,Mumbai,Cash,Delivered,1
394,Hoodie,Denim,4,1805,Customer_393,Chennai,Cash,Cancelled,1
395,Shirt,Winter,10,1099,Customer_394,Chennai,Cash,Cancelled,3
396,T-shirt,Denim,1,1563,Customer_395,Hyderabad,Cash,Cancelled,1
397,Kurta,Ethnic,7,1359,Customer_396,Chennai,UPI,Pending,3
398,Jacket,Casual,9,1414,Customer_397,Chennai,UPI,Pending,3
399,T-shirt,Casual,1,730,Customer_398,Delhi,Card,Pending,1
400,Dress,Denim,7,630,Customer_399,Hyderabad,Card,Cancelled,5
401,Kurta,Formal,1,1279,Customer_400,Hyderabad,Cash,Pending,3
402,Jacket,Casual,10,1384,Customer_401,Hyderabad,Cash,Cancelled,4
403,Jeans,Ethnic,5,1118,Customer_402,Chennai,Card,Delivered,1
404,Dress,Winter,1,1821,Customer_403,Mumbai,Cash,Cancelled,5
405,T-shirt,Formal,3,1754,Customer_404,Mumbai,UPI,Pending,3
406,Skirt,Ethnic,8,1904,Customer_405,Delhi,UPI,Delivered,2
407,Skirt,Formal,3,1226,Customer_406,Mumbai,UPI,Cancelled,4
408,T-shirt,Formal,8,979,Customer_407,Bangalore,Card,Cancelled,3
409,Skirt,Denim,6,496,Customer_408,Mumbai,Card,Delivered,3
410,Jeans,Winter,2,1623,Customer_409,Mumbai,Cash,Delivered,4
411,Shirt,Casual,1,1184,Customer_410,Chennai,UPI,Cancelled,2
412,Dress,Formal,8,1805,Customer_411,Chennai,Card,Cancelled,5
413,Hoodie,Denim,4,528,Customer_412,Hyderabad,Card,Delivered,1
414,Kurta,Winter,3,624,Customer_413,Chennai,Card,Pending,5
415,T-shirt,Winter,8,767,Customer_414,Mumbai,UPI,Delivered,2
416,Shirt,Winter,10,990,Customer_415,Mumbai,Card,Cancelled,2
417,Shirt,Formal,9,1560,Customer_416,Mumbai,Card,Pending,1
418,Hoodie,Casual,1,1112,Customer_417,Chennai,Card,Delivered,1
419,Jeans,Winter,4,1204,Customer_418,Delhi,Card,Pending,1
420,Dress,Formal,8,936,Customer_419,Delhi,Cash,Cancelled,4
421,Kurta,Winter,7,1026,Customer_420,Chennai,UPI,Cancelled,2
422,Dress,Ethnic,5,829,Customer_421,Chennai,UPI,Cancelled,5
423,T-shirt,Winter,8,1294,Customer_422,Delhi,Cash,Cancelled,3
424,Hoodie,Ethnic,3,1063,Customer_423,Mumbai,Card,Cancelled,2
425,Kurta,Ethnic,6,1029,Customer_424,Delhi,UPI,Cancelled,3
426,Jeans,Denim,8,1474,Customer_425,Delhi,Card,Cancelled,2
427,Hoodie,Denim,6,1795,Customer_426,Bangalore,Cash,Delivered,2
428,T-shirt,Ethnic,9,1863,Customer_427,Delhi,UPI,Pending,2
429,Jacket,Winter,7,1152,Customer_428,Mumbai,UPI,Cancelled,1
430,Skirt,Ethnic,7,1799,Customer_429,Hyderabad,Card,Delivered,3
431,Skirt,Winter,3,987,Customer_430,Chennai,Card,Delivered,5
432,Skirt,Formal,9,1037,Customer_431,Hyderabad,UPI,Pending,1
433,Kurta,Formal,7,1207,Customer_432,Hyderabad,Cash,Delivered,5
434,Jeans,Formal,8,847,Customer_433,Delhi,UPI,Delivered,1
435,T-shirt,Denim,3,991,Customer_434,Chennai,UPI,Delivered,2
436,Jeans,Denim,2,1539,Customer_435,Bangalore,UPI,Pending,4
437,Hoodie,Casual,10,1855,Customer_436,Delhi,Cash,Cancelled,4
438,T-shirt,Denim,6,745,Customer_437,Mumbai,Cash,Pending,3
439,Jacket,Formal,2,361,Customer_438,Mumbai,Cash,Pending,5
440,Kurta,Ethnic,3,1550,Customer_439,Mumbai,UPI,Cancelled,3
441,Hoodie,Denim,10,967,Customer_440,Hyderabad,Cash,Cancelled,3
442,Shirt,Casual,6,1948,Customer_441,Delhi,Cash,Cancelled,4
443,Dress,Formal,2,1354,Customer_442,Bangalore,UPI,Cancelled,1
444,Shirt,Denim,6,1391,Customer_443,Hyderabad,Cash,Cancelled,4
445,Skirt,Casual,1,1628,Customer_444,Mumbai,Card,Delivered,2
446,Hoodie,Denim,6,1205,Customer_445,Bangalore,UPI,Delivered,2
447,Jeans,Denim,2,1441,Customer_446,Mumbai,UPI,Delivered,3
448,Jeans,Denim,5,1873,Customer_447,Delhi,Card,Pending,5
449,Kurta,Winter,4,658,Customer_448,Mumbai,Card,Cancelled,5
450,Jeans,Winter,1,1235,Customer_449,Mumbai,Cash,Cancelled,5
451,Jeans,Formal,5,1238,Customer_450,Mumbai,Cash,Cancelled,3
452,Skirt,Formal,5,1906,Customer_451,Hyderabad,Card,Cancelled,3
453,Skirt,Ethnic,7,875,Customer_452,Chennai,Card,Cancelled,2
454,Jeans,Casual,10,1305,Customer_453,Chennai,Cash,Delivered,4
455,Jacket,Winter,8,1260,Customer_454,Bangalore,Card,Cancelled,1
456,Jeans,Denim,4,404,Customer_455,Bangalore,Card,Pending,5
457,Dress,Formal,6,1788,Customer_456,Chennai,Cash,Delivered,5
458,Jacket,Formal,8,1231,Customer_457,Mumbai,UPI,Delivered,2
459,Jacket,Casual,10,367,Customer_458,Delhi,Card,Pending,5
460,Skirt,Formal,1,1659,Customer_459,Mumbai,UPI,Delivered,3
461,Jeans,Casual,10,996,Customer_460,Mumbai,Cash,Cancelled,5
462,T-shirt,Winter,1,623,Customer_461,Bangalore,Card,Pending,4
463,Jeans,Ethnic,8,517,Customer_462,Mumbai,UPI,Pending,5
464,Shirt,Casual,2,617,Customer_463,Hyderabad,UPI,Delivered,2
465,Hoodie,Winter,6,671,Customer_464,Bangalore,Card,Cancelled,2
466,Kurta,Ethnic,2,963,Customer_465,Bangalore,Card,Cancelled,5
467,Dress,Casual,7,1360,Customer_466,Delhi,UPI,Pending,2
468,T-shirt,Winter,9,984,Customer_467,Hyderabad,Card,Delivered,1
469,Jeans,Formal,2,1569,Customer_468,Mumbai,Cash,Pending,1
470,Kurta,Denim,1,1656,Customer_469,Chennai,Card,Pending,1
471,Kurta,Casual,3,909,Customer_470,Mumbai,Cash,Pending,2
472,T-shirt,Ethnic,5,1101,Customer_471,Mumbai,Cash,Pending,1
473,Skirt,Ethnic,3,1798,Customer_472,Hyderabad,UPI,Delivered,5
474,Hoodie,Casual,9,254,Customer_473,Mumbai,Card,Pending,5
475,Jeans,Formal,4,1541,Customer_474,Hyderabad,Card,Delivered,5
476,Dress,Ethnic,10,1710,Customer_475,Mumbai,Card,Cancelled,3
477,Hoodie,Formal,10,1609,Customer_476,Mumbai,Cash,Delivered,3
478,Shirt,Denim,7,237,Customer_477,Delhi,Card,Cancelled,2
479,Jacket,Formal,8,1319,Customer_478,Bangalore,Card,Delivered,3
480,Skirt,Casual,5,1260,Customer_479,Bangalore,Card,Pending,2
481,Skirt,Casual,9,359,Customer_480,Chennai,UPI,Cancelled,3
482,Kurta,Denim,8,1219,Customer_481,Mumbai,Card,Cancelled,5
483,T-shirt,Ethnic,7,1784,Customer_482,Chennai,UPI,Pending,2
484,Skirt,Formal,7,411,Customer_483,Mumbai,Cash,Delivered,3
485,Hoodie,Ethnic,6,202,Customer_484,Hyderabad,Card,Cancelled,3
486,Shirt,Ethnic,2,887,Customer_485,Chennai,Card,Pending,2
487,Hoodie,Casual,2,302,Customer_486,Bangalore,Cash,Cancelled,2
488,Kurta,Winter,6,1494,Customer_487,Bangalore,Card,Pending,1
489,Jeans,Formal,1,1502,Customer_488,Hyderabad,Cash,Cancelled,5
490,Kurta,Formal,3,698,Customer_489,Bangalore,Card,Cancelled,5
491,Jeans,Winter,4,450,Customer_490,Mumbai,Card,Cancelled,5
492,Jeans,Formal,6,895,Customer_491,Chennai,Cash,Pending,2
493,Jacket,Denim,4,356,Customer_492,Hyderabad,UPI,Delivered,2
494,Skirt,Casual,3,2000,Customer_493,Delhi,UPI,Delivered,4
495,Dress,Casual,1,526,Customer_494,Mumbai,UPI,Pending,3
496,Shirt,Casual,9,1156,Customer_495,Hyderabad,Card,Delivered,5
497,Skirt,Formal,5,1697,Customer_496,Mumbai,Cash,Pending,1
498,Hoodie,Denim,3,723,Customer_497,Delhi,UPI,Pending,1
499,Dress,Ethnic,5,391,Customer_498,Bangalore,Card,Delivered,4
500,Hoodie,Ethnic,5,469,Customer_499,Hyderabad,Card,Delivered,4
501,Jacket,Winter,2,1445,Customer_500,Hyderabad,Card,Pending,2
502,Jeans,Ethnic,9,1212,Customer_501,Bangalore,Card,Pending,4
503,T-shirt,Formal,10,1375,Customer_502,Bangalore,UPI,Pending,2
504,Jacket,Ethnic,9,234,Customer_503,Bangalore,Card,Cancelled,3
505,Kurta,Casual,8,1291,Customer_504,Bangalore,Cash,Cancelled,2
506,Shirt,Ethnic,6,276,Customer_505,Hyderabad,Card,Cancelled,5
507,Skirt,Formal,4,1333,Customer_506,Chennai,Card,Cancelled,2
508,T-shirt,Ethnic,3,1564,Customer_507,Delhi,Cash,Delivered,3
509,Kurta,Casual,9,1664,Customer_508,Mumbai,Card,Delivered,5
510,Kurta,Denim,8,1316,Customer_509,Delhi,UPI,Delivered,1
511,Dress,Formal,4,1539,Customer_510,Bangalore,Card,Cancelled,3
512,Skirt,Denim,10,1270,Customer_511,Delhi,Card,Cancelled,4
513,Shirt,Ethnic,2,1829,Customer_512,Mumbai,Cash,Cancelled,4
514,Skirt,Winter,6,790,Customer_513,Delhi,Card,Cancelled,5
515,Dress,Winter,4,1193,Customer_514,Delhi,Card,Cancelled,5
516,Jeans,Casual,2,816,Customer_515,Chennai,Card,Cancelled,4
517,Skirt,Winter,3,1882,Customer_516,Mumbai,UPI,Pending,3
518,Shirt,Formal,3,542,Customer_517,Mumbai,UPI,Cancelled,5
519,Jeans,Ethnic,2,1939,Customer_518,Mumbai,UPI,Cancelled,1
520,Dress,Ethnic,9,385,Customer_519,Hyderabad,UPI,Cancelled,1
521,Kurta,Winter,5,790,Customer_520,Chennai,Card,Cancelled,1
522,Shirt,Winter,2,438,Customer_521,Mumbai,Cash,Pending,1
523,Hoodie,Formal,1,560,Customer_522,Bangalore,Cash,Pending,5
524,Dress,Casual,4,669,Customer_523,Bangalore,UPI,Pending,3
525,Shirt,Formal,2,1877,Customer_524,Delhi,Cash,Cancelled,3
526,Dress,Casual,4,205,Customer_525,Chennai,Card,Cancelled,3
527,Kurta,Casual,6,1935,Customer_526,Delhi,Card,Delivered,4
528,Jeans,Ethnic,6,565,Customer_527,Bangalore,Cash,Cancelled,2
529,T-shirt,Winter,9,439,Customer_528,Delhi,Card,Cancelled,4
530,Jacket,Denim,2,1120,Customer_529,Hyderabad,UPI,Delivered,4
531,T-shirt,Casual,1,457,Customer_530,Hyderabad,Card,Cancelled,1
532,Dress,Winter,9,354,Customer_531,Mumbai,Cash,Delivered,5
533,Shirt,Winter,5,382,Customer_532,Hyderabad,Cash,Delivered,3
534,T-shirt,Casual,5,1895,Customer_533,Chennai,UPI,Delivered,4
535,Shirt,Denim,10,559,Customer_534,Bangalore,Card,Pending,5
536,Jeans,Formal,1,1464,Customer_535,Bangalore,Card,Pending,2
537,T-shirt,Casual,5,865,Customer_536,Hyderabad,UPI,Cancelled,3
538,Dress,Winter,1,1708,Customer_537,Hyderabad,UPI,Delivered,5
539,Skirt,Denim,10,987,Customer_538,Mumbai,UPI,Cancelled,4
540,Skirt,Ethnic,1,1942,Customer_539,Bangalore,UPI,Cancelled,4
541,Kurta,Formal,10,1664,Customer_540,Delhi,UPI,Pending,5
542,Shirt,Winter,10,667,Customer_541,Chennai,UPI,Pending,5
543,Skirt,Casual,9,1770,Customer_542,Mumbai,Cash,Delivered,4
544,Kurta,Casual,5,630,Customer_543,Bangalore,Card,Cancelled,5
545,Jacket,Denim,1,520,Customer_544,Delhi,Card,Pending,5
546,Shirt,Formal,8,939,Customer_545,Chennai,UPI,Pending,4
547,Skirt,Formal,7,1643,Customer_546,Mumbai,UPI,Pending,4
548,Skirt,Casual,10,271,Customer_547,Chennai,UPI,Pending,1
549,Dress,Casual,5,540,Customer_548,Mumbai,UPI,Delivered,3
550,Hoodie,Formal,3,894,Customer_549,Bangalore,Cash,Cancelled,3
551,Dress,Ethnic,9,1866,Customer_550,Delhi,Cash,Cancelled,5
552,Jacket,Denim,1,1667,Customer_551,Delhi,Cash,Delivered,4
553,Dress,Ethnic,9,855,Customer_552,Delhi,Cash,Delivered,1
554,Jeans,Denim,10,946,Customer_553,Mumbai,UPI,Delivered,4
555,Dress,Ethnic,9,1463,Customer_554,Mumbai,UPI,Delivered,2
556,Hoodie,Casual,8,803,Customer_555,Hyderabad,UPI,Delivered,2
557,T-shirt,Winter,1,751,Customer_556,Mumbai,UPI,Pending,5
558,Jacket,Ethnic,4,1101,Customer_557,Hyderabad,UPI,Pending,5
559,Dress,Casual,10,910,Customer_558,Chennai,UPI,Cancelled,4
560,Skirt,Formal,5,1520,Customer_559,Hyderabad,Card,Pending,1
561,Jacket,Denim,10,1907,Customer_560,Bangalore,Card,Delivered,2
562,Shirt,Ethnic,2,1478,Customer_561,Bangalore,Card,Cancelled,1
563,Hoodie,Formal,6,1825,Customer_562,Bangalore,Cash,Pending,3
564,Dress,Formal,4,585,Customer_563,Chennai,UPI,Cancelled,4
565,Jacket,Denim,4,1197,Customer_564,Delhi,Cash,Pending,4
566,Dress,Casual,7,1407,Customer_565,Chennai,Card,Delivered,4
567,Jeans,Winter,2,1062,Customer_566,Hyderabad,Card,Delivered,3
568,Kurta,Denim,9,1799,Customer_567,Chennai,UPI,Delivered,3
569,Kurta,Formal,4,543,Customer_568,Chennai,Card,Pending,3
570,Jeans,Ethnic,1,279,Customer_569,Hyderabad,Cash,Cancelled,4
571,Shirt,Formal,6,587,Customer_570,Chennai,UPI,Pending,3
572,Dress,Winter,4,1300,Customer_571,Chennai,Card,Cancelled,4
573,Skirt,Denim,3,842,Customer_572,Mumbai,UPI,Pending,2
574,Jeans,Casual,3,475,Customer_573,Hyderabad,Cash,Cancelled,3
575,Jeans,Formal,9,371,Customer_574,Hyderabad,Card,Pending,5
576,Kurta,Ethnic,9,1499,Customer_575,Bangalore,Cash,Delivered,3
577,Jacket,Formal,4,1152,Customer_576,Chennai,Cash,Cancelled,1
578,Jacket,Winter,10,1611,Customer_577,Delhi,Card,Delivered,5
579,Jeans,Ethnic,9,1568,Customer_578,Mumbai,UPI,Pending,3
580,Kurta,Winter,1,1268,Customer_579,Chennai,UPI,Delivered,2
581,Dress,Formal,5,1504,Customer_580,Bangalore,Cash,Cancelled,4
582,Dress,Winter,10,774,Customer_581,Chennai,UPI,Cancelled,3
583,Dress,Casual,9,1496,Customer_582,Hyderabad,UPI,Cancelled,3
584,Dress,Denim,10,1540,Customer_583,Bangalore,Cash,Cancelled,3
585,Skirt,Winter,8,344,Customer_584,Hyderabad,Cash,Pending,5
586,Kurta,Casual,8,1259,Customer_585,Bangalore,Cash,Pending,4
587,Jeans,Denim,2,209,Customer_586,Delhi,UPI,Cancelled,1
588,Jeans,Formal,1,1279,Customer_587,Chennai,UPI,Pending,5
589,Kurta,Denim,4,878,Customer_588,Chennai,Cash,Pending,5
590,Shirt,Winter,3,870,Customer_589,Chennai,Cash,Pending,2
591,Kurta,Formal,1,1417,Customer_590,Bangalore,UPI,Pending,5
592,Hoodie,Formal,10,1407,Customer_591,Bangalore,Cash,Delivered,5
593,T-shirt,Casual,10,1870,Customer_592,Mumbai,Cash,Delivered,4
594,Jeans,Denim,6,1974,Customer_593,Hyderabad,Cash,Pending,3
595,Skirt,Formal,8,1529,Customer_594,Bangalore,Card,Pending,2
596,Jeans,Formal,10,1609,Customer_595,Chennai,Cash,Pending,1
597,T-shirt,Formal,8,1305,Customer_596,Hyderabad,Cash,Delivered,5
598,Shirt,Formal,1,1727,Customer_597,Delhi,Cash,Delivered,3
599,Skirt,Casual,8,1642,Customer_598,Chennai,UPI,Pending,1
600,Kurta,Casual,3,974,Customer_599,Hyderabad,Card,Delivered,3
601,Skirt,Denim,7,1725,Customer_600,Delhi,UPI,Pending,2
602,Shirt,Formal,8,1524,Customer_601,Hyderabad,Cash,Cancelled,2
603,Jeans,Formal,6,650,Customer_602,Bangalore,UPI,Pending,5
604,Jacket,Winter,9,889,Customer_603,Bangalore,Card,Delivered,3
605,Kurta,Ethnic,1,1405,Customer_604,Bangalore,UPI,Delivered,2
606,Skirt,Casual,2,1955,Customer_605,Delhi,UPI,Delivered,1
607,Shirt,Casual,4,1955,Customer_606,Mumbai,Cash,Delivered,4
608,T-shirt,Winter,5,668,Customer_607,Chennai,UPI,Delivered,5
609,Jeans,Formal,9,1723,Customer_608,Delhi,Cash,Cancelled,4
610,Shirt,Ethnic,7,1939,Customer_609,Bangalore,Card,Pending,2
611,Hoodie,Casual,6,1213,Customer_610,Mumbai,Cash,Delivered,2
612,Dress,Formal,5,305,Customer_611,Chennai,Card,Pending,3
613,Skirt,Formal,10,1639,Customer_612,Bangalore,Card,Pending,3
614,Shirt,Winter,1,945,Customer_613,Mumbai,Card,Delivered,5
615,Shirt,Denim,7,1988,Customer_614,Hyderabad,UPI,Cancelled,3
616,Skirt,Casual,3,1566,Customer_615,Delhi,Cash,Delivered,4
617,Shirt,Formal,6,1765,Customer_616,Delhi,Cash,Cancelled,4
618,T-shirt,Denim,10,1341,Customer_617,Mumbai,Card,Cancelled,4
619,T-shirt,Denim,9,779,Customer_618,Hyderabad,Card,Pending,1
620,Hoodie,Denim,7,645,Customer_619,Bangalore,Card,Cancelled,1
621,Jeans,Casual,1,1368,Customer_620,Delhi,UPI,Cancelled,4
622,Jacket,Denim,5,1819,Customer_621,Chennai,Card,Delivered,3
623,T-shirt,Formal,4,1029,Customer_622,Mumbai,Card,Cancelled,1
624,Hoodie,Ethnic,5,470,Customer_623,Bangalore,Cash,Cancelled,2
625,T-shirt,Ethnic,1,978,Customer_624,Delhi,UPI,Pending,5
626,T-shirt,Winter,2,1827,Customer_625,Chennai,UPI,Cancelled,1
627,T-shirt,Ethnic,6,559,Customer_626,Chennai,Cash,Cancelled,5
628,Shirt,Winter,6,1342,Customer_627,Hyderabad,Card,Pending,3
629,Kurta,Winter,2,891,Customer_628,Bangalore,UPI,Delivered,2
630,Jeans,Denim,6,205,Customer_629,Hyderabad,Cash,Delivered,5
631,Dress,Formal,4,1362,Customer_630,Mumbai,UPI,Cancelled,1
632,Shirt,Denim,9,1213,Customer_631,Hyderabad,UPI,Delivered,1
633,Shirt,Ethnic,5,1695,Customer_632,Chennai,UPI,Delivered,2
634,Skirt,Ethnic,2,293,Customer_633,Bangalore,UPI,Cancelled,1
635,T-shirt,Ethnic,2,936,Customer_634,Delhi,Cash,Pending,2
636,Kurta,Casual,7,1682,Customer_635,Hyderabad,UPI,Delivered,2
637,Skirt,Winter,3,1537,Customer_636,Delhi,Cash,Delivered,2
638,Skirt,Winter,7,918,Customer_637,Hyderabad,Card,Pending,2
639,T-shirt,Winter,1,1816,Customer_638,Chennai,Card,Delivered,2
640,Dress,Ethnic,5,1359,Customer_639,Chennai,Cash,Delivered,3
641,Dress,Denim,3,1856,Customer_640,Mumbai,UPI,Cancelled,4
642,Hoodie,Formal,3,901,Customer_641,Hyderabad,Card,Cancelled,2
643,Jacket,Formal,2,1725,Customer_642,Mumbai,Card,Delivered,5
644,Hoodie,Winter,8,1359,Customer_643,Mumbai,Card,Pending,4
645,Jacket,Denim,8,1887,Customer_644,Bangalore,Cash,Pending,5
646,Skirt,Denim,4,671,Customer_645,Mumbai,Cash,Cancelled,5
647,Jacket,Winter,1,1496,Customer_646,Mumbai,Cash,Delivered,3
648,Kurta,Winter,6,1076,Customer_647,Chennai,UPI,Delivered,5
649,T-shirt,Casual,1,460,Customer_648,Delhi,UPI,Pending,5
650,Jeans,Denim,7,429,Customer_649,Chennai,Cash,Pending,2
651,Jeans,Formal,5,1468,Customer_650,Chennai,UPI,Pending,5
652,Hoodie,Casual,2,994,Customer_651,Chennai,Card,Delivered,1
653,Kurta,Formal,7,344,Customer_652,Hyderabad,UPI,Pending,1
654,Dress,Ethnic,10,1075,Customer_653,Chennai,Card,Delivered,4
655,T-shirt,Winter,10,1176,Customer_654,Mumbai,UPI,Delivered,3
656,Jeans,Winter,7,1787,Customer_655,Mumbai,Card,Pending,2
657,Skirt,Formal,6,936,Customer_656,Mumbai,UPI,Delivered,5
658,Jeans,Casual,4,607,Customer_657,Delhi,UPI,Cancelled,3
659,Dress,Winter,5,1868,Customer_658,Chennai,UPI,Delivered,5
660,Skirt,Casual,9,1656,Customer_659,Hyderabad,Cash,Pending,1
661,Kurta,Ethnic,9,767,Customer_660,Chennai,UPI,Pending,2
662,T-shirt,Denim,10,1453,Customer_661,Delhi,Card,Delivered,5
663,Jeans,Winter,6,403,Customer_662,Hyderabad,Cash,Cancelled,1
664,Hoodie,Formal,8,1396,Customer_663,Chennai,UPI,Delivered,4
665,Skirt,Denim,4,323,Customer_664,Chennai,UPI,Delivered,1
666,Dress,Winter,10,763,Customer_665,Delhi,Cash,Cancelled,3
667,Hoodie,Ethnic,5,1080,Customer_666,Delhi,Cash,Delivered,4
668,T-shirt,Ethnic,3,799,Customer_667,Delhi,Card,Pending,4
669,Hoodie,Ethnic,5,1068,Customer_668,Mumbai,UPI,Delivered,5
670,Jacket,Formal,7,1877,Customer_669,Chennai,Card,Cancelled,4
671,Jeans,Winter,2,1116,Customer_670,Mumbai,Cash,Pending,3
672,Jacket,Winter,7,1944,Customer_671,Hyderabad,Card,Delivered,2
673,Jeans,Winter,2,1914,Customer_672,Bangalore,Card,Delivered,4
674,Shirt,Casual,9,1131,Customer_673,Hyderabad,UPI,Pending,5
675,Jeans,Casual,8,1251,Customer_674,Hyderabad,Cash,Cancelled,1
676,Jacket,Ethnic,1,1993,Customer_675,Mumbai,Card,Cancelled,2
677,Shirt,Denim,4,1220,Customer_676,Delhi,Card,Cancelled,1
678,Shirt,Denim,4,1417,Customer_677,Hyderabad,UPI,Pending,2
679,Skirt,Casual,1,436,Customer_678,Chennai,UPI,Pending,1
680,Hoodie,Ethnic,7,1800,Customer_679,Bangalore,Cash,Delivered,5
681,Skirt,Casual,1,1527,Customer_680,Mumbai,Cash,Pending,1
682,Shirt,Casual,8,1155,Customer_681,Delhi,Card,Delivered,3
683,Jeans,Denim,10,462,Customer_682,Hyderabad,Cash,Delivered,1
684,T-shirt,Casual,2,1227,Customer_683,Bangalore,Cash,Pending,2
685,Kurta,Formal,3,1440,Customer_684,Bangalore,Cash,Pending,5
686,Jeans,Formal,1,916,Customer_685,Chennai,Card,Cancelled,3
687,Jacket,Formal,5,567,Customer_686,Hyderabad,Cash,Pending,1
688,Shirt,Casual,2,837,Customer_687,Delhi,Card,Pending,3
689,Shirt,Formal,9,784,Customer_688,Bangalore,Card,Cancelled,5
690,Jeans,Casual,5,776,Customer_689,Mumbai,Card,Cancelled,3
691,Skirt,Denim,8,595,Customer_690,Bangalore,Cash,Delivered,2
692,Dress,Casual,1,583,Customer_691,Mumbai,Card,Delivered,2
693,Kurta,Winter,8,625,Customer_692,Bangalore,Cash,Delivered,5
694,Kurta,Winter,8,1226,Customer_693,Mumbai,Card,Pending,2
695,Hoodie,Denim,7,1763,Customer_694,Hyderabad,UPI,Delivered,5
696,Jeans,Casual,10,1827,Customer_695,Mumbai,Card,Delivered,2
697,Jacket,Casual,6,1473,Customer_696,Chennai,Card,Cancelled,4
698,Hoodie,Ethnic,9,1907,Customer_697,Delhi,Card,Delivered,1
699,Jeans,Denim,9,1136,Customer_698,Mumbai,Card,Cancelled,4
700,T-shirt,Denim,8,662,Customer_699,Bangalore,UPI,Delivered,5
701,Kurta,Ethnic,8,1044,Customer_700,Chennai,Card,Cancelled,4
702,Dress,Ethnic,3,692,Customer_701,Delhi,UPI,Pending,3
703,Skirt,Casual,2,1023,Customer_702,Hyderabad,Card,Delivered,5
704,Kurta,Ethnic,1,1997,Customer_703,Hyderabad,Cash,Delivered,1
705,Hoodie,Ethnic,1,1752,Customer_704,Delhi,Card,Cancelled,4
706,Jacket,Casual,6,425,Customer_705,Delhi,Cash,Cancelled,1
707,Jacket,Denim,7,1777,Customer_706,Hyderabad,Cash,Pending,3
708,Skirt,Ethnic,2,455,Customer_707,Mumbai,Card,Delivered,1
709,Hoodie,Casual,1,1043,Customer_708,Bangalore,UPI,Delivered,4
710,Shirt,Denim,2,1538,Customer_709,Hyderabad,Cash,Cancelled,4
711,Kurta,Denim,10,1485,Customer_710,Mumbai,UPI,Delivered,2
712,Kurta,Winter,4,463,Customer_711,Bangalore,Cash,Cancelled,4
713,Jeans,Ethnic,1,1161,Customer_712,Delhi,Cash,Cancelled,2
714,Kurta,Formal,4,912,Customer_713,Mumbai,UPI,Cancelled,4
715,Kurta,Ethnic,9,712,Customer_714,Delhi,UPI,Delivered,1
716,Hoodie,Winter,1,1346,Customer_715,Hyderabad,Card,Pending,2
717,Kurta,Denim,7,787,Customer_716,Chennai,Cash,Cancelled,2
718,Skirt,Formal,3,1861,Customer_717,Hyderabad,Cash,Pending,3
719,Hoodie,Denim,2,1434,Customer_718,Bangalore,UPI,Pending,5
720,Jeans,Denim,3,552,Customer_719,Chennai,UPI,Pending,4
721,Shirt,Ethnic,8,1711,Customer_720,Mumbai,Cash,Delivered,3
722,Dress,Denim,7,1209,Customer_721,Bangalore,UPI,Cancelled,2
723,Jeans,Formal,8,966,Customer_722,Delhi,UPI,Cancelled,5
724,Skirt,Denim,4,1640,Customer_723,Chennai,Card,Cancelled,1
725,Jacket,Ethnic,10,1783,Customer_724,Delhi,Card,Delivered,4
726,Jeans,Ethnic,3,352,Customer_725,Bangalore,Cash,Delivered,5
727,Jeans,Formal,1,849,Customer_726,Delhi,UPI,Cancelled,4
728,Jacket,Formal,9,308,Customer_727,Mumbai,UPI,Pending,4
729,Jeans,Winter,5,1842,Customer_728,Delhi,UPI,Cancelled,3
730,Hoodie,Winter,3,1278,Customer_729,Chennai,Card,Pending,4
731,Dress,Formal,3,1414,Customer_730,Hyderabad,Cash,Cancelled,2
732,Kurta,Ethnic,9,738,Customer_731,Chennai,Cash,Delivered,5
733,Dress,Winter,1,1210,Customer_732,Chennai,Card,Delivered,5
734,Kurta,Formal,2,1069,Customer_733,Delhi,UPI,Delivered,2
735,Jacket,Winter,1,703,Customer_734,Hyderabad,UPI,Pending,5
736,T-shirt,Ethnic,9,671,Customer_735,Chennai,Cash,Pending,3
737,Jeans,Ethnic,2,879,Customer_736,Delhi,Card,Pending,2
738,Hoodie,Winter,9,1712,Customer_737,Bangalore,Card,Pending,2
739,Kurta,Winter,8,1316,Customer_738,Delhi,Cash,Pending,1
740,Dress,Ethnic,9,521,Customer_739,Chennai,UPI,Delivered,3
741,Dress,Formal,10,1613,Customer_740,Delhi,UPI,Delivered,2
742,Skirt,Ethnic,3,873,Customer_741,Delhi,Card,Cancelled,1
743,Jacket,Casual,4,1467,Customer_742,Chennai,Card,Pending,1
744,Shirt,Denim,6,1108,Customer_743,Chennai,Cash,Cancelled,4
745,Hoodie,Winter,4,1158,Customer_744,Delhi,Card,Delivered,2
746,Dress,Formal,7,1302,Customer_745,Mumbai,Card,Pending,5
747,Dress,Denim,2,1035,Customer_746,Bangalore,Cash,Cancelled,1
748,Hoodie,Winter,3,642,Customer_747,Delhi,UPI,Cancelled,5
749,Skirt,Formal,7,1004,Customer_748,Bangalore,Cash,Delivered,5
750,Skirt,Formal,3,1630,Customer_749,Bangalore,UPI,Delivered,5
751,Jeans,Casual,6,1477,Customer_750,Mumbai,Cash,Delivered,3
752,Jeans,Casual,9,1764,Customer_751,Bangalore,UPI,Delivered,1
753,Skirt,Formal,5,1476,Customer_752,Hyderabad,Card,Pending,4
754,Skirt,Formal,7,474,Customer_753,Mumbai,UPI,Delivered,4
755,Hoodie,Winter,1,1444,Customer_754,Chennai,Card,Pending,2
756,T-shirt,Denim,9,880,Customer_755,Delhi,Cash,Cancelled,1
757,Skirt,Denim,7,1395,Customer_756,Delhi,Card,Cancelled,3
758,Hoodie,Casual,2,1888,Customer_757,Chennai,UPI,Pending,5
759,Jeans,Casual,2,1396,Customer_758,Mumbai,Cash,Pending,1
760,Jeans,Formal,9,1065,Customer_759,Mumbai,Cash,Cancelled,3
761,Kurta,Formal,10,1797,Customer_760,Bangalore,UPI,Pending,4
762,Kurta,Casual,8,1677,Customer_761,Chennai,Cash,Pending,3
763,Jeans,Denim,9,1708,Customer_762,Delhi,Card,Pending,5
764,Jeans,Denim,10,1723,Customer_763,Chennai,Cash,Cancelled,1
765,Skirt,Formal,7,1392,Customer_764,Hyderabad,UPI,Cancelled,1
766,Jacket,Casual,6,1768,Customer_765,Mumbai,UPI,Delivered,3
767,Skirt,Casual,2,1572,Customer_766,Chennai,UPI,Cancelled,3
768,Jeans,Casual,6,1610,Customer_767,Mumbai,Card,Pending,1
769,Kurta,Casual,2,1789,Customer_768,Bangalore,UPI,Cancelled,3
770,T-shirt,Winter,3,1427,Customer_769,Mumbai,Card,Cancelled,1
771,Kurta,Casual,10,883,Customer_770,Bangalore,UPI,Cancelled,2
772,Hoodie,Denim,9,764,Customer_771,Bangalore,UPI,Pending,3
773,Shirt,Casual,2,850,Customer_772,Mumbai,Cash,Cancelled,2
774,Jeans,Denim,7,992,Customer_773,Mumbai,UPI,Cancelled,4
775,Hoodie,Formal,6,392,Customer_774,Bangalore,Cash,Pending,3
776,Shirt,Formal,3,603,Customer_775,Chennai,UPI,Delivered,3
777,Hoodie,Denim,1,406,Customer_776,Bangalore,Card,Cancelled,4
778,Hoodie,Winter,4,1182,Customer_777,Delhi,UPI,Delivered,4
779,Shirt,Formal,4,1714,Customer_778,Hyderabad,Cash,Pending,5
780,Dress,Denim,10,826,Customer_779,Mumbai,Cash,Cancelled,1
781,Jeans,Denim,5,997,Customer_780,Hyderabad,Cash,Pending,5
782,Jeans,Denim,9,1715,Customer_781,Bangalore,Card,Delivered,5
783,Kurta,Denim,3,372,Customer_782,Hyderabad,UPI,Delivered,1
784,Dress,Formal,9,1639,Customer_783,Bangalore,UPI,Delivered,2
785,Kurta,Casual,1,1412,Customer_784,Chennai,UPI,Pending,1
786,Hoodie,Formal,7,1727,Customer_785,Delhi,Cash,Delivered,5
787,Shirt,Casual,3,466,Customer_786,Chennai,Card,Delivered,4
788,T-shirt,Formal,10,241,Customer_787,Bangalore,UPI,Pending,2
789,Shirt,Formal,3,1885,Customer_788,Mumbai,Cash,Cancelled,5
790,Jacket,Winter,9,1015,Customer_789,Bangalore,Card,Delivered,3
791,Kurta,Formal,3,1994,Customer_790,Chennai,Cash,Delivered,5
792,Jacket,Winter,5,710,Customer_791,Bangalore,UPI,Delivered,4
793,Jacket,Winter,3,1585,Customer_792,Mumbai,Cash,Pending,3
794,Hoodie,Denim,8,325,Customer_793,Delhi,Card,Cancelled,1
795,Shirt,Casual,2,1009,Customer_794,Mumbai,UPI,Delivered,1
796,T-shirt,Formal,7,1205,Customer_795,Mumbai,Cash,Cancelled,4
797,Dress,Ethnic,4,1602,Customer_796,Hyderabad,UPI,Cancelled,4
798,T-shirt,Formal,4,631,Customer_797,Hyderabad,Cash,Pending,1
799,Dress,Casual,3,1215,Customer_798,Mumbai,UPI,Delivered,2
800,Kurta,Formal,6,799,Customer_799,Delhi,Cash,Cancelled,2
801,Hoodie,Casual,4,1523,Customer_800,Bangalore,Cash,Delivered,1
802,Shirt,Winter,8,1735,Customer_801,Mumbai,Card,Delivered,5
803,Skirt,Winter,6,401,Customer_802,Bangalore,Cash,Cancelled,4
804,Hoodie,Winter,2,1597,Customer_803,Delhi,Cash,Cancelled,1
805,Hoodie,Ethnic,2,809,Customer_804,Delhi,Card,Cancelled,3
806,Dress,Casual,1,427,Customer_805,Delhi,UPI,Delivered,4
807,Dress,Ethnic,6,802,Customer_806,Mumbai,UPI,Delivered,4
808,Kurta,Casual,1,552,Customer_807,Bangalore,UPI,Delivered,4
809,Jeans,Ethnic,2,1338,Customer_808,Mumbai,Card,Delivered,3
810,Skirt,Formal,10,1993,Customer_809,Chennai,UPI,Delivered,5
811,Hoodie,Denim,2,825,Customer_810,Delhi,Card,Cancelled,3
812,Jacket,Winter,3,364,Customer_811,Mumbai,Cash,Cancelled,3
813,Jeans,Ethnic,8,1876,Customer_812,Hyderabad,UPI,Cancelled,2
814,Skirt,Casual,3,1829,Customer_813,Bangalore,Card,Pending,1
815,Kurta,Winter,1,1792,Customer_814,Mumbai,UPI,Cancelled,4
816,Kurta,Ethnic,10,766,Customer_815,Bangalore,Cash,Pending,2
817,Shirt,Denim,5,1391,Customer_816,Chennai,Card,Cancelled,2
818,Hoodie,Denim,6,1184,Customer_817,Bangalore,Cash,Delivered,2
819,Shirt,Denim,9,650,Customer_818,Delhi,Cash,Delivered,1
820,T-shirt,Ethnic,7,956,Customer_819,Hyderabad,Card,Delivered,1
821,Dress,Casual,4,1917,Customer_820,Hyderabad,UPI,Cancelled,3
822,Jacket,Winter,10,1918,Customer_821,Mumbai,Cash,Delivered,4
823,Jacket,Denim,7,805,Customer_822,Chennai,Card,Delivered,2
824,T-shirt,Ethnic,3,619,Customer_823,Chennai,Cash,Delivered,5
825,Jacket,Formal,6,1443,Customer_824,Chennai,UPI,Delivered,4
826,Shirt,Formal,1,1445,Customer_825,Mumbai,UPI,Pending,5
827,Hoodie,Casual,8,895,Customer_826,Hyderabad,UPI,Cancelled,4
828,Jeans,Denim,9,1277,Customer_827,Delhi,Card,Delivered,5
829,Shirt,Winter,10,1585,Customer_828,Bangalore,UPI,Delivered,4
830,Kurta,Formal,6,971,Customer_829,Hyderabad,UPI,Delivered,2
831,Jeans,Denim,5,542,Customer_830,Bangalore,Cash,Delivered,3
832,Hoodie,Casual,4,1284,Customer_831,Bangalore,Cash,Pending,5
833,Hoodie,Denim,3,1611,Customer_832,Bangalore,Card,Cancelled,2
834,Jacket,Formal,3,1096,Customer_833,Mumbai,Card,Delivered,2
835,Dress,Denim,2,1628,Customer_834,Mumbai,UPI,Delivered,4
836,Dress,Denim,7,1472,Customer_835,Chennai,Cash,Cancelled,1
837,Jeans,Casual,6,1292,Customer_836,Mumbai,UPI,Delivered,2
838,Skirt,Formal,5,1095,Customer_837,Hyderabad,Card,Pending,2
839,Skirt,Denim,3,383,Customer_838,Hyderabad,Cash,Delivered,2
840,Hoodie,Winter,2,637,Customer_839,Chennai,Cash,Delivered,1
841,T-shirt,Denim,2,493,Customer_840,Hyderabad,Card,Pending,1
842,T-shirt,Formal,4,717,Customer_841,Bangalore,UPI,Delivered,5
843,Kurta,Casual,4,342,Customer_842,Mumbai,Cash,Pending,2
844,Shirt,Winter,6,1999,Customer_843,Chennai,Card,Cancelled,2
845,T-shirt,Denim,6,1234,Customer_844,Mumbai,UPI,Delivered,2
846,Shirt,Casual,5,237,Customer_845,Mumbai,UPI,Pending,4
847,Jeans,Formal,7,524,Customer_846,Bangalore,Cash,Delivered,2
848,Shirt,Denim,5,699,Customer_847,Bangalore,UPI,Pending,3
849,Dress,Denim,2,1778,Customer_848,Bangalore,UPI,Cancelled,4
850,Jeans,Ethnic,2,922,Customer_849,Mumbai,Cash,Pending,2
851,Jeans,Denim,4,539,Customer_850,Mumbai,Card,Pending,4
852,T-shirt,Denim,9,889,Customer_851,Mumbai,UPI,Delivered,3
853,T-shirt,Denim,1,1535,Customer_852,Delhi,Cash,Cancelled,5
854,Skirt,Winter,7,257,Customer_853,Mumbai,Cash,Pending,3
855,Hoodie,Winter,3,383,Customer_854,Bangalore,Cash,Pending,2
856,Hoodie,Formal,8,542,Customer_855,Bangalore,Card,Cancelled,1
857,Dress,Ethnic,6,978,Customer_856,Chennai,Card,Delivered,3
858,Skirt,Casual,8,1698,Customer_857,Hyderabad,Card,Delivered,4
859,Kurta,Ethnic,10,1384,Customer_858,Bangalore,Card,Pending,4
860,Dress,Denim,7,1930,Customer_859,Mumbai,Card,Cancelled,4
861,Dress,Winter,3,881,Customer_860,Bangalore,UPI,Pending,3
862,Kurta,Denim,9,1588,Customer_861,Bangalore,Cash,Delivered,1
863,Dress,Winter,9,455,Customer_862,Mumbai,UPI,Cancelled,2
864,Dress,Denim,6,206,Customer_863,Bangalore,Cash,Pending,2
865,Dress,Winter,8,1486,Customer_864,Delhi,Card,Delivered,1
866,Shirt,Denim,4,1262,Customer_865,Chennai,UPI,Pending,2
867,Skirt,Formal,3,884,Customer_866,Delhi,UPI,Pending,1
868,Shirt,Denim,8,1095,Customer_867,Delhi,UPI,Delivered,1
869,Skirt,Denim,8,453,Customer_868,Mumbai,UPI,Pending,1
870,Hoodie,Denim,1,240,Customer_869,Bangalore,UPI,Cancelled,5
871,Shirt,Casual,3,823,Customer_870,Chennai,Card,Cancelled,1
872,Kurta,Formal,8,1326,Customer_871,Hyderabad,UPI,Pending,3
873,Jacket,Winter,8,986,Customer_872,Delhi,UPI,Cancelled,2
874,Hoodie,Winter,2,1690,Customer_873,Bangalore,UPI,Cancelled,2
875,Shirt,Winter,1,872,Customer_874,Bangalore,Cash,Cancelled,3
876,Dress,Formal,6,1918,Customer_875,Hyderabad,Cash,Pending,5
877,Hoodie,Formal,2,1904,Customer_876,Hyderabad,Card,Delivered,2
878,Jacket,Denim,10,1164,Customer_877,Hyderabad,UPI,Delivered,1
879,Dress,Formal,5,978,Customer_878,Chennai,Cash,Cancelled,3
880,T-shirt,Formal,2,566,Customer_879,Mumbai,Cash,Cancelled,4
881,Jacket,Denim,3,1404,Customer_880,Hyderabad,Card,Cancelled,1
882,Shirt,Ethnic,8,1323,Customer_881,Chennai,Card,Delivered,2
883,Jeans,Casual,2,609,Customer_882,Mumbai,Cash,Delivered,3
884,Kurta,Casual,6,333,Customer_883,Hyderabad,Card,Pending,1
885,T-shirt,Winter,6,1350,Customer_884,Bangalore,UPI,Pending,5
886,Shirt,Denim,9,1918,Customer_885,Delhi,Cash,Pending,4
887,T-shirt,Casual,5,1052,Customer_886,Hyderabad,Card,Pending,2
888,Shirt,Formal,4,1935,Customer_887,Hyderabad,UPI,Delivered,5
889,Dress,Denim,6,1821,Customer_888,Mumbai,Cash,Cancelled,4
890,Skirt,Ethnic,2,1386,Customer_889,Hyderabad,Card,Cancelled,5
891,Dress,Ethnic,10,848,Customer_890,Mumbai,Cash,Delivered,1
892,Shirt,Formal,6,1652,Customer_891,Chennai,Card,Pending,4
893,Skirt,Casual,1,1277,Customer_892,Delhi,Card,Cancelled,4
894,Dress,Casual,1,1799,Customer_893,Chennai,Card,Delivered,1
895,Jacket,Winter,10,735,Customer_894,Bangalore,Card,Delivered,3
896,Jacket,Ethnic,1,248,Customer_895,Bangalore,Card,Cancelled,1
897,Kurta,Denim,4,1159,Customer_896,Delhi,Card,Cancelled,4
898,Shirt,Formal,10,1018,Customer_897,Delhi,UPI,Delivered,3
899,Skirt,Casual,1,552,Customer_898,Chennai,Cash,Delivered,4
900,Hoodie,Ethnic,3,1088,Customer_899,Chennai,UPI,Delivered,1
901,Hoodie,Winter,7,1727,Customer_900,Bangalore,Card,Cancelled,1
902,Shirt,Winter,1,1141,Customer_901,Hyderabad,UPI,Pending,4
903,Jeans,Formal,1,1326,Customer_902,Bangalore,Cash,Delivered,2
904,Jeans,Winter,8,1620,Customer_903,Hyderabad,Card,Pending,3
905,T-shirt,Denim,4,868,Customer_904,Hyderabad,UPI,Pending,4
906,Shirt,Casual,3,1117,Customer_905,Delhi,Cash,Cancelled,3
907,T-shirt,Denim,5,1316,Customer_906,Delhi,UPI,Delivered,4
908,Dress,Ethnic,8,1270,Customer_907,Mumbai,UPI,Cancelled,4
909,Jacket,Formal,4,956,Customer_908,Chennai,UPI,Cancelled,1
910,Skirt,Ethnic,9,1523,Customer_909,Bangalore,Cash,Delivered,2
911,Skirt,Denim,9,979,Customer_910,Chennai,Card,Delivered,2
912,Kurta,Casual,3,1348,Customer_911,Mumbai,Card,Cancelled,3
913,Jacket,Ethnic,9,246,Customer_912,Chennai,UPI,Pending,3
914,Skirt,Ethnic,8,1907,Customer_913,Hyderabad,Cash,Pending,5
915,Jacket,Formal,2,1799,Customer_914,Bangalore,Card,Pending,2
916,Shirt,Ethnic,2,895,Customer_915,Delhi,Card,Cancelled,2
917,Shirt,Casual,10,820,Customer_916,Bangalore,Card,Delivered,5
918,Kurta,Denim,4,1464,Customer_917,Mumbai,UPI,Cancelled,5
919,Dress,Formal,10,1064,Customer_918,Chennai,Card,Delivered,5
920,Jacket,Casual,10,372,Customer_919,Hyderabad,UPI,Delivered,5
921,Dress,Casual,7,542,Customer_920,Chennai,Cash,Delivered,3
922,Jacket,Winter,8,1415,Customer_921,Delhi,Cash,Cancelled,3
923,Kurta,Formal,10,1951,Customer_922,Hyderabad,Card,Delivered,4
924,Jeans,Formal,5,1560,Customer_923,Mumbai,Cash,Cancelled,2
925,Hoodie,Winter,8,1084,Customer_924,Bangalore,Card,Delivered,4
926,Kurta,Casual,6,1795,Customer_925,Bangalore,Card,Pending,4
927,T-shirt,Formal,10,1967,Customer_926,Mumbai,UPI,Cancelled,1
928,Shirt,Formal,7,1103,Customer_927,Bangalore,Cash,Cancelled,2
929,Skirt,Casual,1,742,Customer_928,Chennai,UPI,Delivered,5
930,Shirt,Ethnic,6,1496,Customer_929,Hyderabad,UPI,Delivered,5
931,Dress,Ethnic,3,1172,Customer_930,Mumbai,Cash,Delivered,4
932,Skirt,Denim,3,680,Customer_931,Delhi,Card,Delivered,4
933,Skirt,Denim,6,235,Customer_932,Delhi,Card,Pending,2
934,T-shirt,Denim,10,1094,Customer_933,Mumbai,Cash,Pending,2
935,Hoodie,Denim,4,469,Customer_934,Bangalore,UPI,Delivered,5
936,Jacket,Casual,2,1829,Customer_935,Hyderabad,Cash,Pending,5
937,Jeans,Casual,5,919,Customer_936,Chennai,UPI,Delivered,2
938,Jacket,Denim,1,837,Customer_937,Bangalore,UPI,Pending,3
939,Kurta,Winter,7,1127,Customer_938,Hyderabad,Cash,Cancelled,3
940,Hoodie,Winter,3,1060,Customer_939,Bangalore,UPI,Cancelled,4
941,Skirt,Denim,6,1057,Customer_940,Delhi,Card,Cancelled,2
942,Dress,Formal,8,436,Customer_941,Chennai,Card,Cancelled,1
943,Jeans,Ethnic,5,640,Customer_942,Hyderabad,Cash,Pending,1
944,Skirt,Casual,6,931,Customer_943,Chennai,UPI,Cancelled,4
945,Dress,Winter,5,778,Customer_944,Bangalore,Card,Pending,4
946,Jeans,Casual,5,1052,Customer_945,Mumbai,Cash,Delivered,5
947,Jeans,Formal,3,385,Customer_946,Mumbai,UPI,Cancelled,1
948,Dress,Winter,6,684,Customer_947,Bangalore,UPI,Delivered,2
949,T-shirt,Formal,8,812,Customer_948,Chennai,UPI,Cancelled,2
950,Kurta,Denim,2,1898,Customer_949,Bangalore,Cash,Pending,5
951,Kurta,Formal,7,1485,Customer_950,Delhi,Cash,Pending,5
952,Dress,Winter,4,1735,Customer_951,Bangalore,UPI,Cancelled,2
953,Hoodie,Winter,3,1074,Customer_952,Hyderabad,Cash,Pending,2
954,Jeans,Formal,5,1194,Customer_953,Hyderabad,Card,Pending,2
955,Hoodie,Denim,7,1010,Customer_954,Mumbai,Cash,Delivered,1
956,T-shirt,Formal,8,739,Customer_955,Chennai,Card,Cancelled,5
957,Kurta,Denim,5,1923,Customer_956,Delhi,UPI,Delivered,3
958,Jacket,Casual,9,665,Customer_957,Mumbai,Cash,Cancelled,5
959,Hoodie,Ethnic,9,969,Customer_958,Delhi,Card,Delivered,4
960,Skirt,Formal,1,1254,Customer_959,Bangalore,Card,Pending,3
961,Dress,Denim,6,664,Customer_960,Hyderabad,Cash,Pending,2
962,Jeans,Ethnic,8,865,Customer_961,Chennai,Cash,Cancelled,4
963,Dress,Ethnic,10,379,Customer_962,Hyderabad,Card,Delivered,3
964,Jeans,Formal,1,658,Customer_963,Chennai,Card,Pending,1
965,Jeans,Casual,8,603,Customer_964,Delhi,Cash,Delivered,1
966,Jacket,Formal,4,1928,Customer_965,Chennai,Cash,Delivered,3
967,Hoodie,Casual,4,1019,Customer_966,Mumbai,Cash,Delivered,5
968,Dress,Ethnic,2,288,Customer_967,Delhi,Cash,Cancelled,2
969,T-shirt,Winter,2,1487,Customer_968,Bangalore,Cash,Delivered,5
970,Shirt,Ethnic,10,1997,Customer_969,Chennai,Card,Cancelled,2
971,Jeans,Ethnic,9,1102,Customer_970,Chennai,UPI,Pending,4
972,Jeans,Formal,10,1267,Customer_971,Mumbai,UPI,Pending,2
973,Dress,Formal,5,204,Customer_972,Chennai,Cash,Cancelled,5
974,Shirt,Casual,9,674,Customer_973,Hyderabad,UPI,Pending,3
975,Skirt,Formal,1,1204,Customer_974,Mumbai,Cash,Delivered,4
976,Kurta,Winter,4,1328,Customer_975,Chennai,Cash,Delivered,3
977,Kurta,Winter,8,1466,Customer_976,Bangalore,Card,Cancelled,4
978,Shirt,Casual,8,1762,Customer_977,Hyderabad,Card,Pending,2
979,Shirt,Winter,7,820,Customer_978,Mumbai,Cash,Pending,2
980,Jacket,Denim,1,280,Customer_989,Mumbai,Cash,Pending,5
981,Skirt,Casual,5,303,Customer_980,Delhi,Cash,Pending,2
982,Hoodie,Winter,8,1711,Customer_981,Hyderabad,Card,Pending,3
983,Hoodie,Denim,9,308,Customer_982,Bangalore,Cash,Cancelled,5
984,Kurta,Formal,3,870,Customer_983,Chennai,UPI,Pending,1
985,Kurta,Casual,4,1700,Customer_984,Hyderabad,Card,Delivered,1
986,Dress,Denim,10,1550,Customer_985,Mumbai,Cash,Cancelled,2
987,Kurta,Casual,5,1306,Customer_986,Hyderabad,Cash,Pending,4
988,Kurta,Denim,9,242,Customer_987,Bangalore,Cash,Cancelled,5
989,Jeans,Casual,9,1044,Customer_988,Chennai,UPI,Cancelled,3
990,Kurta,Denim,9,816,Customer_989,Chennai,Cash,Pending,5
991,Dress,Winter,2,1961,Customer_990,Bangalore,Cash,Cancelled,5
992,Jeans,Winter,3,1251,Customer_991,Mumbai,Card,Pending,1
993,Shirt,Winter,5,1110,Customer_992,Delhi,Card,Delivered,3
994,Dress,Denim,4,1367,Customer_993,Chennai,Card,Cancelled,4
995,Kurta,Casual,6,1929,Customer_994,Mumbai,UPI,Pending,2
996,Skirt,Winter,3,1545,Customer_995,Bangalore,UPI,Cancelled,2
997,Shirt,Ethnic,2,1955,Customer_996,Mumbai,Cash,Cancelled,3
998,Hoodie,Ethnic,1,417,Customer_997,Mumbai,UPI,Delivered,4
999,Hoodie,Ethnic,3,1441,Customer_998,Delhi,Card,Delivered,5
1000,Jeans,Casual,1,1566,Customer_999,Bangalore,UPI,Cancelled,5
1001,Dress,Formal,9,1990,Customer_1000,Mumbai,UPI,Pending,4
1002,Hoodie,Casual,8,1599,Customer_1001,Hyderabad,Cash,Pending,4
1003,Hoodie,Denim,7,1774,Customer_1002,Mumbai,UPI,Cancelled,3
1004,Jeans,Ethnic,7,1383,Customer_1003,Hyderabad,Cash,Cancelled,2
1005,Hoodie,Casual,9,594,Customer_1004,Hyderabad,Cash,Pending,5
1006,Skirt,Winter,3,262,Customer_1005,Mumbai,Cash,Pending,1
1007,Hoodie,Denim,7,1321,Customer_1006,Delhi,UPI,Pending,1
1008,Jeans,Denim,4,1560,Customer_1007,Mumbai,UPI,Delivered,3
1009,Shirt,Denim,10,821,Customer_1008,Chennai,Cash,Cancelled,5
1010,T-shirt,Winter,2,452,Customer_1009,Mumbai,UPI,Pending,1
1011,T-shirt,Winter,7,525,Customer_1010,Chennai,Card,Cancelled,1
1012,Hoodie,Winter,6,1482,Customer_1011,Delhi,UPI,Cancelled,5
1013,T-shirt,Casual,8,893,Customer_1012,Chennai,Cash,Pending,4
1014,Shirt,Formal,9,440,Customer_1013,Mumbai,UPI,Cancelled,4
1015,Kurta,Denim,3,812,Customer_1014,Chennai,Card,Delivered,5
1016,Hoodie,Winter,7,552,Customer_1015,Hyderabad,Card,Delivered,4
1017,Kurta,Denim,10,537,Customer_1016,Chennai,Card,Delivered,4
1018,Dress,Winter,2,1667,Customer_1017,Delhi,Cash,Delivered,2
1019,Jacket,Denim,7,639,Customer_1018,Bangalore,Card,Cancelled,3
1020,T-shirt,Denim,2,1424,Customer_1019,Bangalore,UPI,Delivered,5
1021,Dress,Winter,7,1827,Customer_1020,Chennai,Card,Cancelled,2
1022,Hoodie,Winter,9,1617,Customer_1021,Bangalore,Card,Pending,1
1023,Dress,Casual,2,1418,Customer_1022,Hyderabad,Card,Pending,2
1024,T-shirt,Denim,6,281,Customer_1023,Hyderabad,Cash,Delivered,5
1025,Skirt,Denim,8,1614,Customer_1024,Bangalore,UPI,Cancelled,5
1026,Dress,Formal,9,1042,Customer_1025,Mumbai,Card,Delivered,3
1027,Jacket,Denim,10,1655,Customer_1026,Delhi,Cash,Pending,1
1028,Dress,Winter,7,1501,Customer_1027,Hyderabad,Card,Cancelled,3
1029,Jacket,Casual,2,1699,Customer_1028,Mumbai,UPI,Delivered,2
1030,T-shirt,Casual,2,1271,Customer_1029,Mumbai,Cash,Delivered,4
1031,Shirt,Denim,5,1820,Customer_1030,Mumbai,Cash,Delivered,2
1032,Kurta,Denim,6,1951,Customer_1031,Chennai,Card,Pending,2
1033,Skirt,Winter,10,849,Customer_1032,Bangalore,UPI,Cancelled,5
1034,Shirt,Winter,3,470,Customer_1033,Delhi,Cash,Delivered,3
1035,T-shirt,Ethnic,2,211,Customer_1034,Mumbai,UPI,Cancelled,4
1036,Jacket,Formal,2,1049,Customer_1035,Hyderabad,Card,Delivered,2
1037,Dress,Casual,1,1656,Customer_1036,Hyderabad,UPI,Pending,1
1038,Jacket,Winter,5,1661,Customer_1037,Bangalore,UPI,Delivered,1
1039,Kurta,Denim,5,1686,Customer_1038,Bangalore,Cash,Cancelled,4
1040,Kurta,Casual,7,991,Customer_1039,Bangalore,Card,Delivered,4
1041,Dress,Casual,6,1308,Customer_1040,Mumbai,Cash,Cancelled,4
1042,Hoodie,Ethnic,6,1973,Customer_1041,Bangalore,Card,Pending,3
1043,Jeans,Winter,9,1911,Customer_1042,Delhi,Cash,Pending,3
1044,Kurta,Casual,6,1643,Customer_1043,Bangalore,Cash,Delivered,1
1045,Dress,Ethnic,2,669,Customer_1044,Bangalore,Card,Pending,3
1046,Hoodie,Denim,3,1528,Customer_1045,Hyderabad,UPI,Pending,3
1047,Skirt,Formal,1,1851,Customer_1046,Chennai,Cash,Cancelled,5
1048,Hoodie,Ethnic,7,1046,Customer_1047,Bangalore,Card,Pending,3
1049,Kurta,Denim,5,1652,Customer_1048,Bangalore,UPI,Delivered,3
1050,Hoodie,Winter,9,1072,Customer_1049,Delhi,UPI,Pending,4
1051,Jeans,Formal,2,290,Customer_1050,Bangalore,UPI,Cancelled,2
1052,Kurta,Casual,6,321,Customer_1051,Chennai,Cash,Pending,1
1053,Dress,Formal,2,458,Customer_1052,Delhi,UPI,Delivered,1
1054,Hoodie,Winter,2,331,Customer_1053,Delhi,UPI,Pending,2
1055,Jacket,Denim,10,800,Customer_1054,Hyderabad,Cash,Cancelled,1
1056,Skirt,Formal,3,1691,Customer_1055,Mumbai,Cash,Pending,2
1057,Shirt,Denim,10,1747,Customer_1056,Mumbai,Cash,Delivered,1
1058,Skirt,Denim,5,1966,Customer_1057,Bangalore,UPI,Pending,5
1059,Jacket,Ethnic,8,1593,Customer_1058,Bangalore,Cash,Cancelled,1
1060,Dress,Ethnic,3,1040,Customer_1059,Mumbai,UPI,Cancelled,5
1061,Shirt,Winter,1,826,Customer_1060,Delhi,Card,Cancelled,4
1062,Dress,Ethnic,6,1707,Customer_1061,Chennai,Card,Delivered,5
1063,Hoodie,Denim,5,798,Customer_1062,Mumbai,Card,Pending,2
1064,Hoodie,Winter,8,613,Customer_1063,Mumbai,Card,Cancelled,2
1065,Jacket,Winter,9,1768,Customer_1064,Bangalore,UPI,Cancelled,5
1066,T-shirt,Formal,5,231,Customer_1065,Hyderabad,UPI,Cancelled,3
1067,Shirt,Ethnic,9,1613,Customer_1066,Bangalore,Cash,Cancelled,1
1068,T-shirt,Ethnic,5,845,Customer_1067,Delhi,UPI,Delivered,5
1069,Shirt,Denim,10,873,Customer_1068,Mumbai,Card,Pending,1
1070,Kurta,Formal,9,315,Customer_1069,Delhi,Cash,Pending,4
1071,Jacket,Winter,8,317,Customer_1070,Delhi,UPI,Cancelled,1
1072,T-shirt,Casual,7,1773,Customer_1071,Bangalore,UPI,Pending,2
1073,Hoodie,Casual,7,1651,Customer_1072,Mumbai,Card,Cancelled,4
1074,Jeans,Casual,5,597,Customer_1073,Delhi,UPI,Pending,3
1075,Jeans,Formal,2,1571,Customer_1074,Bangalore,Cash,Pending,1
1076,Jeans,Denim,1,201,Customer_1075,Hyderabad,Cash,Delivered,5
1077,Skirt,Ethnic,5,1626,Customer_1076,Delhi,UPI,Cancelled,2
1078,Dress,Winter,9,1949,Customer_1077,Bangalore,Cash,Pending,5
1079,Jeans,Ethnic,5,603,Customer_1078,Mumbai,Card,Pending,3
1080,Jeans,Ethnic,4,1995,Customer_1079,Mumbai,Cash,Cancelled,5
1081,Kurta,Formal,5,1788,Customer_1080,Delhi,UPI,Cancelled,1
1082,T-shirt,Ethnic,5,901,Customer_1081,Chennai,UPI,Cancelled,1
1083,Kurta,Ethnic,5,1335,Customer_1082,Bangalore,Cash,Cancelled,1
1084,Hoodie,Winter,7,769,Customer_1083,Chennai,Card,Pending,2
1085,T-shirt,Winter,7,1423,Customer_1084,Chennai,Card,Delivered,1
1086,Jacket,Ethnic,6,1303,Customer_1085,Hyderabad,UPI,Cancelled,1
1087,Dress,Denim,4,1648,Customer_1086,Bangalore,UPI,Cancelled,5
1088,Shirt,Denim,5,219,Customer_1087,Delhi,UPI,Cancelled,5
1089,Jeans,Casual,8,1839,Customer_1088,Delhi,Cash,Pending,2
1090,Kurta,Ethnic,6,210,Customer_1089,Delhi,Cash,Cancelled,5
1091,Skirt,Ethnic,10,852,Customer_1090,Bangalore,Cash,Delivered,1
1092,Dress,Ethnic,9,1743,Customer_1091,Chennai,Cash,Pending,1
1093,T-shirt,Casual,9,1955,Customer_1092,Bangalore,UPI,Cancelled,4
1094,T-shirt,Winter,1,343,Customer_1093,Delhi,UPI,Delivered,2
1095,Hoodie,Casual,8,1869,Customer_1094,Hyderabad,UPI,Delivered,2
1096,T-shirt,Winter,9,1374,Customer_1095,Mumbai,UPI,Delivered,4
1097,Shirt,Casual,1,442,Customer_1096,Hyderabad,Card,Pending,1
1098,Dress,Winter,10,921,Customer_1097,Delhi,UPI,Pending,2
1099,Skirt,Casual,10,828,Customer_1098,Hyderabad,UPI,Delivered,4
1100,Kurta,Formal,5,347,Customer_1099,Hyderabad,Card,Delivered,3
1101,Skirt,Casual,10,603,Customer_1100,Delhi,Card,Pending,2
1102,Kurta,Winter,9,1029,Customer_1101,Delhi,UPI,Delivered,1
1103,Hoodie,Winter,4,1346,Customer_1102,Bangalore,Card,Delivered,5
1104,Dress,Casual,1,1364,Customer_1103,Chennai,Card,Delivered,1
1105,Skirt,Casual,8,1452,Customer_1104,Chennai,Cash,Pending,1
1106,Skirt,Ethnic,2,1504,Customer_1105,Delhi,UPI,Pending,1
1107,Skirt,Winter,3,880,Customer_1106,Mumbai,UPI,Cancelled,4
1108,Jeans,Casual,2,423,Customer_1107,Chennai,Card,Delivered,4
1109,Jacket,Formal,1,477,Customer_1108,Delhi,Card,Cancelled,1
1110,Hoodie,Winter,4,1342,Customer_1109,Chennai,Card,Cancelled,3
1111,Dress,Denim,5,612,Customer_1110,Chennai,UPI,Pending,2
1112,T-shirt,Formal,4,929,Customer_1111,Hyderabad,Card,Delivered,5
1113,Skirt,Ethnic,7,703,Customer_1112,Bangalore,Cash,Delivered,3
1114,Jacket,Casual,8,1304,Customer_1113,Delhi,Cash,Pending,3
1115,Shirt,Winter,1,951,Customer_1114,Hyderabad,Card,Delivered,3
1116,Dress,Casual,2,1052,Customer_1115,Mumbai,Card,Pending,1
1117,Jeans,Casual,2,1010,Customer_1116,Mumbai,UPI,Delivered,5
1118,Skirt,Ethnic,3,1743,Customer_1117,Hyderabad,UPI,Delivered,1
1119,Hoodie,Formal,4,700,Customer_1118,Bangalore,Card,Pending,5
1120,Jacket,Casual,2,1700,Customer_1119,Chennai,Card,Delivered,3
1121,Jacket,Winter,4,1120,Customer_1120,Hyderabad,UPI,Delivered,1
1122,T-shirt,Winter,8,828,Customer_1121,Chennai,Cash,Pending,1
1123,T-shirt,Denim,2,1075,Customer_1122,Bangalore,Card,Delivered,3
1124,Kurta,Denim,8,1146,Customer_1123,Chennai,Cash,Cancelled,3
1125,Hoodie,Winter,4,1914,Customer_1124,Bangalore,Cash,Delivered,4
1126,Kurta,Formal,3,1322,Customer_1125,Chennai,UPI,Pending,2
1127,Jacket,Winter,6,1438,Customer_1126,Hyderabad,Cash,Cancelled,1
1128,Dress,Denim,3,1937,Customer_1127,Mumbai,Card,Cancelled,1
1129,T-shirt,Casual,3,289,Customer_1128,Delhi,Card,Cancelled,4
1130,Shirt,Denim,7,971,Customer_1129,Chennai,UPI,Pending,3
1131,T-shirt,Casual,9,1722,Customer_1130,Hyderabad,Cash,Pending,1
1132,Shirt,Denim,6,1687,Customer_1131,Bangalore,Cash,Pending,1
1133,Shirt,Winter,5,1323,Customer_1132,Bangalore,Cash,Pending,1
1134,T-shirt,Ethnic,8,822,Customer_1133,Hyderabad,Cash,Delivered,1
1135,Skirt,Denim,9,1531,Customer_1134,Chennai,Cash,Cancelled,5
1136,Jeans,Formal,2,1982,Customer_1135,Mumbai,Cash,Pending,3
1137,T-shirt,Ethnic,7,1043,Customer_1136,Bangalore,Card,Pending,1
1138,Jacket,Formal,7,1422,Customer_1137,Bangalore,Card,Cancelled,5
1139,Hoodie,Casual,3,1501,Customer_1138,Chennai,Card,Cancelled,2
1140,Kurta,Ethnic,5,1369,Customer_1139,Hyderabad,UPI,Pending,1
1141,Dress,Winter,6,1518,Customer_1140,Delhi,Card,Pending,5
1142,Jacket,Casual,7,758,Customer_1141,Delhi,UPI,Pending,5
1143,Kurta,Ethnic,1,433,Customer_1142,Bangalore,Cash,Delivered,5
1144,T-shirt,Casual,5,934,Customer_1143,Chennai,Card,Pending,2
1145,Shirt,Denim,9,1801,Customer_1144,Bangalore,Card,Pending,4
1146,T-shirt,Casual,10,1100,Customer_1145,Mumbai,Cash,Delivered,3
1147,Shirt,Casual,4,1335,Customer_1146,Hyderabad,Cash,Delivered,2
1148,Jacket,Formal,2,1935,Customer_1147,Chennai,Cash,Pending,2
1149,Jeans,Formal,10,762,Customer_1148,Mumbai,Cash,Delivered,4
1150,Shirt,Casual,1,1868,Customer_1149,Delhi,UPI,Delivered,4
1151,Skirt,Winter,9,1482,Customer_1150,Delhi,Cash,Cancelled,5
1152,Kurta,Winter,10,525,Customer_1151,Mumbai,Cash,Cancelled,3
1153,Shirt,Denim,2,1503,Customer_1152,Bangalore,UPI,Cancelled,4
1154,Hoodie,Formal,8,1602,Customer_1153,Bangalore,UPI,Delivered,3
1155,Dress,Casual,1,593,Customer_1154,Mumbai,Cash,Cancelled,2
1156,Kurta,Casual,9,602,Customer_1155,Delhi,Card,Cancelled,5
1157,T-shirt,Denim,6,444,Customer_1156,Bangalore,Card,Delivered,2
1158,Dress,Casual,6,1081,Customer_1157,Mumbai,Card,Delivered,1
1159,Dress,Denim,2,755,Customer_1158,Bangalore,Card,Cancelled,3
1160,T-shirt,Casual,6,1102,Customer_1159,Mumbai,UPI,Cancelled,3
1161,Shirt,Denim,8,1214,Customer_1160,Bangalore,Cash,Cancelled,2
1162,T-shirt,Casual,9,713,Customer_1161,Hyderabad,Cash,Cancelled,5
1163,Jeans,Winter,1,1447,Customer_1162,Bangalore,Card,Delivered,4
1164,Skirt,Ethnic,6,545,Customer_1163,Hyderabad,Card,Delivered,1
1165,T-shirt,Winter,8,1462,Customer_1164,Bangalore,UPI,Delivered,5
1166,Skirt,Denim,8,563,Customer_1165,Mumbai,UPI,Pending,2
1167,Kurta,Casual,7,1532,Customer_1166,Chennai,Card,Delivered,3
1168,Jacket,Ethnic,5,373,Customer_1167,Bangalore,Card,Delivered,2
1169,T-shirt,Winter,6,1601,Customer_1168,Mumbai,Card,Pending,5
1170,Dress,Casual,3,1113,Customer_1169,Chennai,UPI,Pending,5
1171,Dress,Formal,3,1121,Customer_1170,Delhi,Card,Cancelled,1
1172,Hoodie,Formal,8,1453,Customer_1171,Bangalore,Cash,Delivered,1
1173,Skirt,Casual,9,361,Customer_1172,Mumbai,Card,Cancelled,3
1174,Hoodie,Casual,2,1463,Customer_1173,Chennai,UPI,Delivered,1
1175,Skirt,Winter,4,1146,Customer_1174,Mumbai,Cash,Pending,4
1176,Skirt,Winter,1,1050,Customer_1175,Hyderabad,UPI,Cancelled,5
1177,T-shirt,Casual,2,742,Customer_1176,Hyderabad,Cash,Delivered,1
1178,Jacket,Winter,4,262,Customer_1177,Mumbai,Cash,Cancelled,4
1179,T-shirt,Winter,4,1713,Customer_1178,Chennai,Cash,Pending,5
1180,T-shirt,Casual,7,1757,Customer_1179,Mumbai,Cash,Pending,2
1181,Jacket,Casual,5,665,Customer_1180,Hyderabad,Card,Pending,3
1182,Jeans,Formal,8,460,Customer_1181,Hyderabad,Cash,Pending,4
1183,Jacket,Ethnic,3,1717,Customer_1182,Hyderabad,UPI,Cancelled,5
1184,Dress,Formal,2,490,Customer_1183,Chennai,UPI,Delivered,1
1185,Jacket,Winter,1,879,Customer_1184,Bangalore,Card,Pending,1
1186,Dress,Casual,6,1517,Customer_1185,Chennai,Cash,Cancelled,2
1187,T-shirt,Ethnic,2,1886,Customer_1186,Delhi,Card,Cancelled,3
1188,Skirt,Ethnic,2,1511,Customer_1187,Delhi,Card,Pending,3
1189,T-shirt,Ethnic,5,678,Customer_1188,Hyderabad,Card,Delivered,3
1190,Jeans,Winter,6,1677,Customer_1189,Hyderabad,Cash,Delivered,4
1191,Jeans,Ethnic,9,1578,Customer_1190,Chennai,Cash,Cancelled,1
1192,Skirt,Ethnic,4,1001,Customer_1191,Chennai,Cash,Delivered,5
1193,Jeans,Casual,4,753,Customer_1192,Hyderabad,Cash,Cancelled,4
1194,Dress,Denim,8,1399,Customer_1193,Hyderabad,Cash,Delivered,4
1195,Skirt,Casual,3,330,Customer_1194,Hyderabad,Cash,Delivered,1
1196,Shirt,Denim,8,619,Customer_1195,Bangalore,Cash,Cancelled,2
1197,Dress,Ethnic,9,328,Customer_1196,Delhi,UPI,Cancelled,5
1198,Dress,Denim,10,1468,Customer_1197,Chennai,Card,Pending,5
1199,Dress,Formal,6,1176,Customer_1198,Mumbai,Cash,Pending,1
1200,Shirt,Ethnic,8,1480,Customer_1199,Delhi,Cash,Cancelled,1
